Workbook

Sheet Instruction
A3: How to use this e class record
A5: 1 | B5: Complete first the needed Detais in "Input Data Sheet"
A6: 2 | B6: Do not edit colored cells
A7: 3 | B7: Encode the Names of learners alphabetically by Sex
A8: 4 | B8: Encode the scores of learners in appropriate cells based on the componets
A9: 5 | B9: Do not forget to encode the highet possible scosre per item in approiate row in male section only
A10: 6 | B10: The percentage per component will be automaticaly copied from what you encoded in "Input Details Sheet"
A11: 7 | B11: After encoding all needed data go to "Result Sheet" then provide interpretaion and proosed Intervention
A12: 8 | B12: Print the result and submit to your subject coordinator for checking
A13: 9 | B13: From No. 8, submit to your school testing coordinator for verification
A14: 10 | B14: From No. 9, submit to your school head for approval

Sheet Input Details
A1: SCHOOL INFORMATION
A2: Region | C2: XI | G2: Prepared by: | K2: ENGR. PHILIP JAYSON L. LESTOJAS | N2: DepEd Logo | O2: #VALUE!
A3: Division: | C3: Island Garden City of Samal | G3: Designation: | K3: Special Science Teacher I | P3: ←Insert Here your DepEd Logo
A4: School: | C4: Nieves Villarica National High School | G4: Checked: | K4: JUNITH T. REYES
A5: School ID: | C5: 323403 | G5: Designation: | K5: Master Teacher III | N5: Regional Logo | O5: #VALUE!
A6: District: | C6: Babak | G6: Verified: | P6: ←Insert Here your Regional Logo
A7: School Address: | C7: Villarica, Babak, IGaCoS | G7: Designation:
A8: Sch. Contact Number: | G8: Approved: | K8: ELIZABETH A. LACORTE, EdD | N8: Division Logo | O8: #VALUE!
A9: School Email Address | G9: Designation: | K9: Secondary School Principal IV | P9: ←Insert Here your Division Logo
A10: Term | C10: First | G10: ASSESSMENT COMPONENT
A11: School Year: | C11: 2026-2027 | G11: Component | K11: =C12 -> Research 1 | N11: School Logo: | O11: #VALUE!
A12: Subject: | C12: Research 1 | G12: Written/Oral Work | K12: 0.2 | P12: ←Insert Here your School Logo
A13: Grade Level | C13: 12 | G13: Performance Task | K13: 0.5
A14: Section: | C14: TESLA | G14: Summative Test & Term Examination | K14: 0.3
A15: Male | C15: 28 | G15: Note: Refer to the Table below for the percentage per component in every Subject
A16: Female | C16: 32
A17: Total: | C17: =SUM(C15:F16) -> 60
A18: GRADING SYSTEM OF KEY STAGE 2 TO 3
A19: Learning Area | G19: Written/Oral work | I19: Performance Task | K19: Summative Test & Term Examination
A20: English, Filipino, Mathematics, Science , Araling Panlipunan, GMRC/Values Education | G20: 0.2 | I20: 0.5 | K20: 0.3
A21: EPP/TLE, MAPEH | G21: 0.2 | I21: 0.6 | K21: 0.2
A22: GRADING SYSTEM OF KEY STAGE 4
A23: Learning Area | G23: Written/Oral work | I23: Performance Task | K23: Summative Test & Term Examination
A24: SHS Core Subjects, Other SHS Academic Electives | G24: 0.2 | I24: 0.5 | K24: 0.3
A25: SHS Field Exposure, Arts Apprenticeship, Creative production and Innovation | G25: 0.15 | I25: 0.7 | K25: 0.15
A26: SHS, Arts Sports, and Health and wellness Electives | G26: 0.2 | I26: 0.6 | K26: 0.2
A27: SHS Research Electives and Design and Innovation | G27: 0.4 | I27: 0.6
A28: SHS TechPro Electives | G28: 0.15 | I28: 0.65 | K28: 0.2
A29: SHS Work Immersion | G29: 0.2 | I29: 0.8
A31: Instruction:

Sheet E-Class
B3: ='Input Details'!O2 -> #VALUE! | C3: ='Input Details'!O5 -> #VALUE! | D3: ='Input Details'!O8 -> #VALUE! | F3: ='Input Details'!O11 -> #VALUE! | H3: #VALUE! | K3: Region: | N3: ='Input Details'!C2 -> XI | S3: Division: | V3: ='Input Details'!C3 -> Island Garden City of Samal | AB3: School: | AE3: ='Input Details'!C4 -> Nieves Villarica National High School | AJ3: Male: | AL3: ='Input Details'!C15 -> 28
K4: School ID: | N4: ='Input Details'!C5 -> 323403 | S4: District: | V4: ='Input Details'!C6 -> Babak | AB4: Grade & Section: | AE4: ='Input Details'!C13 -> 12 | AF4: ── | AG4: ='Input Details'!C14 -> TESLA | AJ4: Female: | AL4: ='Input Details'!C16 -> 32
K5: Term | N5: ='Input Details'!C10 -> First | S5: School Year:: | V5: ='Input Details'!C11 -> 2026-2027 | AB5: Subject: | AE5: ='Input Details'!C12 -> Research 1 | AJ5: Total: | AL5: =SUM(AL3:AM4) -> 60
A9: MALE | E9: Written / Oral Works | N9: Performance Tasks | W9: Examinations | AK9: Initial Grade | AL9: Final Grade | AM9: Descriptive | AN9: Remarks
W10: Summative Test (60%) | AD10: Term Examination (40%)
A11: No. | B11: Family | C11: First Name | D11: M.I. | E11: 1 | F11: 2 | G11: 3 | H11: 4 | I11: 5 | J11: 6 | K11: T | L11: PS | M11: WS | N11: 1 | O11: 2 | P11: 3 | Q11: 4 | R11: 5 | S11: 6 | T11: T | U11: PS | V11: WS | W11: 1 | X11: 2 | Y11: 3 | Z11: 4 | AA11: T | AB11: PS (ST) | AC11: WS (ST) | AD11: 1 | AE11: 2 | AF11: T | AG11: PS (TE) | AH11: TE | AI11: PS (ST & TE) | AJ11: WS (ST & TE) | BE11: Note: | BF11: Do not Edit Colored Cells
K12: =SUM(E12:J12) -> 0 | L12: 100 | M12: 0.2 | T12: =SUM(N12:S12) -> 0 | U12: 100 | V12: 0.5 | AA12: =SUM(W12:Z12) -> 0 | AB12: 100 | AC12: 0.6 | AF12: =SUM(AD12:AE12) -> 0 | AH12: 0.4 | AJ12: ='Input Details'!K14 -> 0.3
A13: 1 | K13: =SUM(E13:J13) -> 0 | L13: =IFERROR(ROUND(((K13/$K$12)*100),2),"0") -> 0 | M13: =IFERROR(ROUND((L13*$M$12),2),"0") -> 0 | T13: =SUM(N13:S13) -> 0 | U13: =IFERROR(ROUND(((T13/$T$12)*100),2),"0") -> 0 | V13: =IFERROR(ROUND((U13*$V$12),2),"0") -> 0 | AA13: =SUM(W13:Z13) -> 0 | AB13: =IFERROR(ROUND(((AA13/$AA$12)*100),2),"0") -> 0 | AC13: =IFERROR(ROUND((AB13*$AC$12),2),"0") -> 0 | AF13: =SUM(AD13:AE13) -> 0 | AG13: =IFERROR(ROUND(((AF13/$AF$12)*100),2),"0") -> 0 | AH13: =IFERROR(ROUND((AG13*$AH$12),2),"0") -> 0 | AI13: =AC13+AH13 -> 0 | AJ13: =IFERROR(ROUND((AI13*$AJ$12),2),"0") -> 0 | AK13: =M13+V13+AJ13 -> 0 | AL13: =IFERROR(VLOOKUP(AK13,Reference!A4:C11973,2)," ") -> 60 | AM13: =IFERROR(VLOOKUP($AL13,$D$206:$J$307,2),"0") -> Emerging | AN13: =IFERROR(VLOOKUP($AL13,$D$206:$J$307,5),"0") -> Failed | AU13: 1 | AV13: =AF13 -> 0 | AW13: =COUNTBLANK(AD13:AE13) -> 2 | AX13: =VLOOKUP(AW13,$BB$13:$BC$15,2) -> 0 | AY13: =AV13*AX13 -> 0 | AZ13: =VLOOKUP(AW13,$BB$13:$BE$15,3) -> 1000 | BA13: =AV13+AZ13 -> 1000 | BB13: 0 | BC13: 0 | BD13: 0
A14: 2 | K14: =SUM(E14:J14) -> 0 | L14: =IFERROR(ROUND(((K14/$K$12)*100),2),"0") -> 0 | M14: =IFERROR(ROUND((L14*$M$12),2),"0") -> 0 | T14: =SUM(N14:S14) -> 0 | U14: =IFERROR(ROUND(((T14/$T$12)*100),2),"0") -> 0 | V14: =IFERROR(ROUND((U14*$V$12),2),"0") -> 0 | AA14: =SUM(W14:Z14) -> 0 | AB14: =IFERROR(ROUND(((AA14/$AA$12)*100),2),"0") -> 0 | AC14: =IFERROR(ROUND((AB14*$AC$12),2),"0") -> 0 | AF14: =SUM(AD14:AE14) -> 0 | AG14: =IFERROR(ROUND(((AF14/$AF$12)*100),2),"0") -> 0 | AH14: =IFERROR(ROUND((AG14*$AH$12),2),"0") -> 0 | AI14: =AC14+AH14 -> 0 | AJ14: =IFERROR(ROUND((AI14*$AJ$12),2),"0") -> 0 | AK14: =M14+V14+AJ14 -> 0 | AL14: =IFERROR(VLOOKUP(AK14,Reference!A5:C11974,2)," ") | AM14: =IFERROR(VLOOKUP($AL14,$D$206:$J$307,2),"0") -> 0 | AN14: =IFERROR(VLOOKUP($AL14,$D$206:$J$307,5),"0") -> 0 | AU14: 2 | AV14: =AF14 -> 0 | AW14: =COUNTBLANK(AD14:AE14) -> 2 | AX14: =VLOOKUP(AW14,$BB$13:$BC$15,2) -> 0 | AY14: =AV14*AX14 -> 0 | AZ14: =VLOOKUP(AW14,$BB$13:$BE$15,3) -> 1000 | BA14: =AV14+AZ14 -> 1000 | BB14: 1 | BC14: 1 | BD14: 0
A15: 3 | K15: =SUM(E15:J15) -> 0 | L15: =IFERROR(ROUND(((K15/$K$12)*100),2),"0") -> 0 | M15: =IFERROR(ROUND((L15*$M$12),2),"0") -> 0 | T15: =SUM(N15:S15) -> 0 | U15: =IFERROR(ROUND(((T15/$T$12)*100),2),"0") -> 0 | V15: =IFERROR(ROUND((U15*$V$12),2),"0") -> 0 | AA15: =SUM(W15:Z15) -> 0 | AB15: =IFERROR(ROUND(((AA15/$AA$12)*100),2),"0") -> 0 | AC15: =IFERROR(ROUND((AB15*$AC$12),2),"0") -> 0 | AF15: =SUM(AD15:AE15) -> 0 | AG15: =IFERROR(ROUND(((AF15/$AF$12)*100),2),"0") -> 0 | AH15: =IFERROR(ROUND((AG15*$AH$12),2),"0") -> 0 | AI15: =AC15+AH15 -> 0 | AJ15: =IFERROR(ROUND((AI15*$AJ$12),2),"0") -> 0 | AK15: =M15+V15+AJ15 -> 0 | AL15: =IFERROR(VLOOKUP(AK15,Reference!A6:C11975,2)," ") | AM15: =IFERROR(VLOOKUP($AL15,$D$206:$J$307,2),"0") -> 0 | AN15: =IFERROR(VLOOKUP($AL15,$D$206:$J$307,5),"0") -> 0 | AU15: 3 | AV15: =AF15 -> 0 | AW15: =COUNTBLANK(AD15:AE15) -> 2 | AX15: =VLOOKUP(AW15,$BB$13:$BC$15,2) -> 0 | AY15: =AV15*AX15 -> 0 | AZ15: =VLOOKUP(AW15,$BB$13:$BE$15,3) -> 1000 | BA15: =AV15+AZ15 -> 1000 | BB15: 2 | BC15: 0 | BD15: 1000
A16: 4 | K16: =SUM(E16:J16) -> 0 | L16: =IFERROR(ROUND(((K16/$K$12)*100),2),"0") -> 0 | M16: =IFERROR(ROUND((L16*$M$12),2),"0") -> 0 | T16: =SUM(N16:S16) -> 0 | U16: =IFERROR(ROUND(((T16/$T$12)*100),2),"0") -> 0 | V16: =IFERROR(ROUND((U16*$V$12),2),"0") -> 0 | AA16: =SUM(W16:Z16) -> 0 | AB16: =IFERROR(ROUND(((AA16/$AA$12)*100),2),"0") -> 0 | AC16: =IFERROR(ROUND((AB16*$AC$12),2),"0") -> 0 | AF16: =SUM(AD16:AE16) -> 0 | AG16: =IFERROR(ROUND(((AF16/$AF$12)*100),2),"0") -> 0 | AH16: =IFERROR(ROUND((AG16*$AH$12),2),"0") -> 0 | AI16: =AC16+AH16 -> 0 | AJ16: =IFERROR(ROUND((AI16*$AJ$12),2),"0") -> 0 | AK16: =M16+V16+AJ16 -> 0 | AL16: =IFERROR(VLOOKUP(AK16,Reference!A7:C11976,2)," ") | AM16: =IFERROR(VLOOKUP($AL16,$D$206:$J$307,2),"0") -> 0 | AN16: =IFERROR(VLOOKUP($AL16,$D$206:$J$307,5),"0") -> 0 | AU16: 4 | AV16: =AF16 -> 0 | AW16: =COUNTBLANK(AD16:AE16) -> 2 | AX16: =VLOOKUP(AW16,$BB$13:$BC$15,2) -> 0 | AY16: =AV16*AX16 -> 0 | AZ16: =VLOOKUP(AW16,$BB$13:$BE$15,3) -> 1000 | BA16: =AV16+AZ16 -> 1000
A17: 5 | K17: =SUM(E17:J17) -> 0 | L17: =IFERROR(ROUND(((K17/$K$12)*100),2),"0") -> 0 | M17: =IFERROR(ROUND((L17*$M$12),2),"0") -> 0 | T17: =SUM(N17:S17) -> 0 | U17: =IFERROR(ROUND(((T17/$T$12)*100),2),"0") -> 0 | V17: =IFERROR(ROUND((U17*$V$12),2),"0") -> 0 | AA17: =SUM(W17:Z17) -> 0 | AB17: =IFERROR(ROUND(((AA17/$AA$12)*100),2),"0") -> 0 | AC17: =IFERROR(ROUND((AB17*$AC$12),2),"0") -> 0 | AF17: =SUM(AD17:AE17) -> 0 | AG17: =IFERROR(ROUND(((AF17/$AF$12)*100),2),"0") -> 0 | AH17: =IFERROR(ROUND((AG17*$AH$12),2),"0") -> 0 | AI17: =AC17+AH17 -> 0 | AJ17: =IFERROR(ROUND((AI17*$AJ$12),2),"0") -> 0 | AK17: =M17+V17+AJ17 -> 0 | AL17: =IFERROR(VLOOKUP(AK17,Reference!A8:C11977,2)," ") | AM17: =IFERROR(VLOOKUP($AL17,$D$206:$J$307,2),"0") -> 0 | AN17: =IFERROR(VLOOKUP($AL17,$D$206:$J$307,5),"0") -> 0 | AU17: 5 | AV17: =AF17 -> 0 | AW17: =COUNTBLANK(AD17:AE17) -> 2 | AX17: =VLOOKUP(AW17,$BB$13:$BC$15,2) -> 0 | AY17: =AV17*AX17 -> 0 | AZ17: =VLOOKUP(AW17,$BB$13:$BE$15,3) -> 1000 | BA17: =AV17+AZ17 -> 1000
A18: 6 | K18: =SUM(E18:J18) -> 0 | L18: =IFERROR(ROUND(((K18/$K$12)*100),2),"0") -> 0 | M18: =IFERROR(ROUND((L18*$M$12),2),"0") -> 0 | T18: =SUM(N18:S18) -> 0 | U18: =IFERROR(ROUND(((T18/$T$12)*100),2),"0") -> 0 | V18: =IFERROR(ROUND((U18*$V$12),2),"0") -> 0 | AA18: =SUM(W18:Z18) -> 0 | AB18: =IFERROR(ROUND(((AA18/$AA$12)*100),2),"0") -> 0 | AC18: =IFERROR(ROUND((AB18*$AC$12),2),"0") -> 0 | AF18: =SUM(AD18:AE18) -> 0 | AG18: =IFERROR(ROUND(((AF18/$AF$12)*100),2),"0") -> 0 | AH18: =IFERROR(ROUND((AG18*$AH$12),2),"0") -> 0 | AI18: =AC18+AH18 -> 0 | AJ18: =IFERROR(ROUND((AI18*$AJ$12),2),"0") -> 0 | AK18: =M18+V18+AJ18 -> 0 | AL18: =IFERROR(VLOOKUP(AK18,Reference!A9:C11978,2)," ") | AM18: =IFERROR(VLOOKUP($AL18,$D$206:$J$307,2),"0") -> 0 | AN18: =IFERROR(VLOOKUP($AL18,$D$206:$J$307,5),"0") -> 0 | AU18: 6 | AV18: =AF18 -> 0 | AW18: =COUNTBLANK(AD18:AE18) -> 2 | AX18: =VLOOKUP(AW18,$BB$13:$BC$15,2) -> 0 | AY18: =AV18*AX18 -> 0 | AZ18: =VLOOKUP(AW18,$BB$13:$BE$15,3) -> 1000 | BA18: =AV18+AZ18 -> 1000
A19: 7 | K19: =SUM(E19:J19) -> 0 | L19: =IFERROR(ROUND(((K19/$K$12)*100),2),"0") -> 0 | M19: =IFERROR(ROUND((L19*$M$12),2),"0") -> 0 | T19: =SUM(N19:S19) -> 0 | U19: =IFERROR(ROUND(((T19/$T$12)*100),2),"0") -> 0 | V19: =IFERROR(ROUND((U19*$V$12),2),"0") -> 0 | AA19: =SUM(W19:Z19) -> 0 | AB19: =IFERROR(ROUND(((AA19/$AA$12)*100),2),"0") -> 0 | AC19: =IFERROR(ROUND((AB19*$AC$12),2),"0") -> 0 | AF19: =SUM(AD19:AE19) -> 0 | AG19: =IFERROR(ROUND(((AF19/$AF$12)*100),2),"0") -> 0 | AH19: =IFERROR(ROUND((AG19*$AH$12),2),"0") -> 0 | AI19: =AC19+AH19 -> 0 | AJ19: =IFERROR(ROUND((AI19*$AJ$12),2),"0") -> 0 | AK19: =M19+V19+AJ19 -> 0 | AL19: =IFERROR(VLOOKUP(AK19,Reference!A10:C11979,2)," ") | AM19: =IFERROR(VLOOKUP($AL19,$D$206:$J$307,2),"0") -> 0 | AN19: =IFERROR(VLOOKUP($AL19,$D$206:$J$307,5),"0") -> 0 | AU19: 7 | AV19: =AF19 -> 0 | AW19: =COUNTBLANK(AD19:AE19) -> 2 | AX19: =VLOOKUP(AW19,$BB$13:$BC$15,2) -> 0 | AY19: =AV19*AX19 -> 0 | AZ19: =VLOOKUP(AW19,$BB$13:$BE$15,3) -> 1000 | BA19: =AV19+AZ19 -> 1000
A20: 8 | K20: =SUM(E20:J20) -> 0 | L20: =IFERROR(ROUND(((K20/$K$12)*100),2),"0") -> 0 | M20: =IFERROR(ROUND((L20*$M$12),2),"0") -> 0 | T20: =SUM(N20:S20) -> 0 | U20: =IFERROR(ROUND(((T20/$T$12)*100),2),"0") -> 0 | V20: =IFERROR(ROUND((U20*$V$12),2),"0") -> 0 | AA20: =SUM(W20:Z20) -> 0 | AB20: =IFERROR(ROUND(((AA20/$AA$12)*100),2),"0") -> 0 | AC20: =IFERROR(ROUND((AB20*$AC$12),2),"0") -> 0 | AF20: =SUM(AD20:AE20) -> 0 | AG20: =IFERROR(ROUND(((AF20/$AF$12)*100),2),"0") -> 0 | AH20: =IFERROR(ROUND((AG20*$AH$12),2),"0") -> 0 | AI20: =AC20+AH20 -> 0 | AJ20: =IFERROR(ROUND((AI20*$AJ$12),2),"0") -> 0 | AK20: =M20+V20+AJ20 -> 0 | AL20: =IFERROR(VLOOKUP(AK20,Reference!A11:C11980,2)," ") | AM20: =IFERROR(VLOOKUP($AL20,$D$206:$J$307,2),"0") -> 0 | AN20: =IFERROR(VLOOKUP($AL20,$D$206:$J$307,5),"0") -> 0 | AU20: 8 | AV20: =AF20 -> 0 | AW20: =COUNTBLANK(AD20:AE20) -> 2 | AX20: =VLOOKUP(AW20,$BB$13:$BC$15,2) -> 0 | AY20: =AV20*AX20 -> 0 | AZ20: =VLOOKUP(AW20,$BB$13:$BE$15,3) -> 1000 | BA20: =AV20+AZ20 -> 1000
A21: 9 | K21: =SUM(E21:J21) -> 0 | L21: =IFERROR(ROUND(((K21/$K$12)*100),2),"0") -> 0 | M21: =IFERROR(ROUND((L21*$M$12),2),"0") -> 0 | T21: =SUM(N21:S21) -> 0 | U21: =IFERROR(ROUND(((T21/$T$12)*100),2),"0") -> 0 | V21: =IFERROR(ROUND((U21*$V$12),2),"0") -> 0 | AA21: =SUM(W21:Z21) -> 0 | AB21: =IFERROR(ROUND(((AA21/$AA$12)*100),2),"0") -> 0 | AC21: =IFERROR(ROUND((AB21*$AC$12),2),"0") -> 0 | AF21: =SUM(AD21:AE21) -> 0 | AG21: =IFERROR(ROUND(((AF21/$AF$12)*100),2),"0") -> 0 | AH21: =IFERROR(ROUND((AG21*$AH$12),2),"0") -> 0 | AI21: =AC21+AH21 -> 0 | AJ21: =IFERROR(ROUND((AI21*$AJ$12),2),"0") -> 0 | AK21: =M21+V21+AJ21 -> 0 | AL21: =IFERROR(VLOOKUP(AK21,Reference!A12:C11981,2)," ") | AM21: =IFERROR(VLOOKUP($AL21,$D$206:$J$307,2),"0") -> 0 | AN21: =IFERROR(VLOOKUP($AL21,$D$206:$J$307,5),"0") -> 0 | AU21: 9 | AV21: =AF21 -> 0 | AW21: =COUNTBLANK(AD21:AE21) -> 2 | AX21: =VLOOKUP(AW21,$BB$13:$BC$15,2) -> 0 | AY21: =AV21*AX21 -> 0 | AZ21: =VLOOKUP(AW21,$BB$13:$BE$15,3) -> 1000 | BA21: =AV21+AZ21 -> 1000
A22: 10 | K22: =SUM(E22:J22) -> 0 | L22: =IFERROR(ROUND(((K22/$K$12)*100),2),"0") -> 0 | M22: =IFERROR(ROUND((L22*$M$12),2),"0") -> 0 | T22: =SUM(N22:S22) -> 0 | U22: =IFERROR(ROUND(((T22/$T$12)*100),2),"0") -> 0 | V22: =IFERROR(ROUND((U22*$V$12),2),"0") -> 0 | AA22: =SUM(W22:Z22) -> 0 | AB22: =IFERROR(ROUND(((AA22/$AA$12)*100),2),"0") -> 0 | AC22: =IFERROR(ROUND((AB22*$AC$12),2),"0") -> 0 | AF22: =SUM(AD22:AE22) -> 0 | AG22: =IFERROR(ROUND(((AF22/$AF$12)*100),2),"0") -> 0 | AH22: =IFERROR(ROUND((AG22*$AH$12),2),"0") -> 0 | AI22: =AC22+AH22 -> 0 | AJ22: =IFERROR(ROUND((AI22*$AJ$12),2),"0") -> 0 | AK22: =M22+V22+AJ22 -> 0 | AL22: =IFERROR(VLOOKUP(AK22,Reference!A13:C11982,2)," ") | AM22: =IFERROR(VLOOKUP($AL22,$D$206:$J$307,2),"0") -> 0 | AN22: =IFERROR(VLOOKUP($AL22,$D$206:$J$307,5),"0") -> 0 | AU22: 10 | AV22: =AF22 -> 0 | AW22: =COUNTBLANK(AD22:AE22) -> 2 | AX22: =VLOOKUP(AW22,$BB$13:$BC$15,2) -> 0 | AY22: =AV22*AX22 -> 0 | AZ22: =VLOOKUP(AW22,$BB$13:$BE$15,3) -> 1000 | BA22: =AV22+AZ22 -> 1000
A23: 11 | K23: =SUM(E23:J23) -> 0 | L23: =IFERROR(ROUND(((K23/$K$12)*100),2),"0") -> 0 | M23: =IFERROR(ROUND((L23*$M$12),2),"0") -> 0 | T23: =SUM(N23:S23) -> 0 | U23: =IFERROR(ROUND(((T23/$T$12)*100),2),"0") -> 0 | V23: =IFERROR(ROUND((U23*$V$12),2),"0") -> 0 | AA23: =SUM(W23:Z23) -> 0 | AB23: =IFERROR(ROUND(((AA23/$AA$12)*100),2),"0") -> 0 | AC23: =IFERROR(ROUND((AB23*$AC$12),2),"0") -> 0 | AF23: =SUM(AD23:AE23) -> 0 | AG23: =IFERROR(ROUND(((AF23/$AF$12)*100),2),"0") -> 0 | AH23: =IFERROR(ROUND((AG23*$AH$12),2),"0") -> 0 | AI23: =AC23+AH23 -> 0 | AJ23: =IFERROR(ROUND((AI23*$AJ$12),2),"0") -> 0 | AK23: =M23+V23+AJ23 -> 0 | AL23: =IFERROR(VLOOKUP(AK23,Reference!A14:C11983,2)," ") | AM23: =IFERROR(VLOOKUP($AL23,$D$206:$J$307,2),"0") -> 0 | AN23: =IFERROR(VLOOKUP($AL23,$D$206:$J$307,5),"0") -> 0 | AU23: 11 | AV23: =AF23 -> 0 | AW23: =COUNTBLANK(AD23:AE23) -> 2 | AX23: =VLOOKUP(AW23,$BB$13:$BC$15,2) -> 0 | AY23: =AV23*AX23 -> 0 | AZ23: =VLOOKUP(AW23,$BB$13:$BE$15,3) -> 1000 | BA23: =AV23+AZ23 -> 1000
A24: 12 | K24: =SUM(E24:J24) -> 0 | L24: =IFERROR(ROUND(((K24/$K$12)*100),2),"0") -> 0 | M24: =IFERROR(ROUND((L24*$M$12),2),"0") -> 0 | T24: =SUM(N24:S24) -> 0 | U24: =IFERROR(ROUND(((T24/$T$12)*100),2),"0") -> 0 | V24: =IFERROR(ROUND((U24*$V$12),2),"0") -> 0 | AA24: =SUM(W24:Z24) -> 0 | AB24: =IFERROR(ROUND(((AA24/$AA$12)*100),2),"0") -> 0 | AC24: =IFERROR(ROUND((AB24*$AC$12),2),"0") -> 0 | AF24: =SUM(AD24:AE24) -> 0 | AG24: =IFERROR(ROUND(((AF24/$AF$12)*100),2),"0") -> 0 | AH24: =IFERROR(ROUND((AG24*$AH$12),2),"0") -> 0 | AI24: =AC24+AH24 -> 0 | AJ24: =IFERROR(ROUND((AI24*$AJ$12),2),"0") -> 0 | AK24: =M24+V24+AJ24 -> 0 | AL24: =IFERROR(VLOOKUP(AK24,Reference!A15:C11984,2)," ") | AM24: =IFERROR(VLOOKUP($AL24,$D$206:$J$307,2),"0") -> 0 | AN24: =IFERROR(VLOOKUP($AL24,$D$206:$J$307,5),"0") -> 0 | AU24: 12 | AV24: =AF24 -> 0 | AW24: =COUNTBLANK(AD24:AE24) -> 2 | AX24: =VLOOKUP(AW24,$BB$13:$BC$15,2) -> 0 | AY24: =AV24*AX24 -> 0 | AZ24: =VLOOKUP(AW24,$BB$13:$BE$15,3) -> 1000 | BA24: =AV24+AZ24 -> 1000
A25: 13 | K25: =SUM(E25:J25) -> 0 | L25: =IFERROR(ROUND(((K25/$K$12)*100),2),"0") -> 0 | M25: =IFERROR(ROUND((L25*$M$12),2),"0") -> 0 | T25: =SUM(N25:S25) -> 0 | U25: =IFERROR(ROUND(((T25/$T$12)*100),2),"0") -> 0 | V25: =IFERROR(ROUND((U25*$V$12),2),"0") -> 0 | AA25: =SUM(W25:Z25) -> 0 | AB25: =IFERROR(ROUND(((AA25/$AA$12)*100),2),"0") -> 0 | AC25: =IFERROR(ROUND((AB25*$AC$12),2),"0") -> 0 | AF25: =SUM(AD25:AE25) -> 0 | AG25: =IFERROR(ROUND(((AF25/$AF$12)*100),2),"0") -> 0 | AH25: =IFERROR(ROUND((AG25*$AH$12),2),"0") -> 0 | AI25: =AC25+AH25 -> 0 | AJ25: =IFERROR(ROUND((AI25*$AJ$12),2),"0") -> 0 | AK25: =M25+V25+AJ25 -> 0 | AL25: =IFERROR(VLOOKUP(AK25,Reference!A16:C11985,2)," ") | AM25: =IFERROR(VLOOKUP($AL25,$D$206:$J$307,2),"0") -> 0 | AN25: =IFERROR(VLOOKUP($AL25,$D$206:$J$307,5),"0") -> 0 | AU25: 13 | AV25: =AF25 -> 0 | AW25: =COUNTBLANK(AD25:AE25) -> 2 | AX25: =VLOOKUP(AW25,$BB$13:$BC$15,2) -> 0 | AY25: =AV25*AX25 -> 0 | AZ25: =VLOOKUP(AW25,$BB$13:$BE$15,3) -> 1000 | BA25: =AV25+AZ25 -> 1000
A26: 14 | K26: =SUM(E26:J26) -> 0 | L26: =IFERROR(ROUND(((K26/$K$12)*100),2),"0") -> 0 | M26: =IFERROR(ROUND((L26*$M$12),2),"0") -> 0 | T26: =SUM(N26:S26) -> 0 | U26: =IFERROR(ROUND(((T26/$T$12)*100),2),"0") -> 0 | V26: =IFERROR(ROUND((U26*$V$12),2),"0") -> 0 | AA26: =SUM(W26:Z26) -> 0 | AB26: =IFERROR(ROUND(((AA26/$AA$12)*100),2),"0") -> 0 | AC26: =IFERROR(ROUND((AB26*$AC$12),2),"0") -> 0 | AF26: =SUM(AD26:AE26) -> 0 | AG26: =IFERROR(ROUND(((AF26/$AF$12)*100),2),"0") -> 0 | AH26: =IFERROR(ROUND((AG26*$AH$12),2),"0") -> 0 | AI26: =AC26+AH26 -> 0 | AJ26: =IFERROR(ROUND((AI26*$AJ$12),2),"0") -> 0 | AK26: =M26+V26+AJ26 -> 0 | AL26: =IFERROR(VLOOKUP(AK26,Reference!A17:C11986,2)," ") | AM26: =IFERROR(VLOOKUP($AL26,$D$206:$J$307,2),"0") -> 0 | AN26: =IFERROR(VLOOKUP($AL26,$D$206:$J$307,5),"0") -> 0 | AU26: 14 | AV26: =AF26 -> 0 | AW26: =COUNTBLANK(AD26:AE26) -> 2 | AX26: =VLOOKUP(AW26,$BB$13:$BC$15,2) -> 0 | AY26: =AV26*AX26 -> 0 | AZ26: =VLOOKUP(AW26,$BB$13:$BE$15,3) -> 1000 | BA26: =AV26+AZ26 -> 1000
A27: 15 | K27: =SUM(E27:J27) -> 0 | L27: =IFERROR(ROUND(((K27/$K$12)*100),2),"0") -> 0 | M27: =IFERROR(ROUND((L27*$M$12),2),"0") -> 0 | T27: =SUM(N27:S27) -> 0 | U27: =IFERROR(ROUND(((T27/$T$12)*100),2),"0") -> 0 | V27: =IFERROR(ROUND((U27*$V$12),2),"0") -> 0 | AA27: =SUM(W27:Z27) -> 0 | AB27: =IFERROR(ROUND(((AA27/$AA$12)*100),2),"0") -> 0 | AC27: =IFERROR(ROUND((AB27*$AC$12),2),"0") -> 0 | AF27: =SUM(AD27:AE27) -> 0 | AG27: =IFERROR(ROUND(((AF27/$AF$12)*100),2),"0") -> 0 | AH27: =IFERROR(ROUND((AG27*$AH$12),2),"0") -> 0 | AI27: =AC27+AH27 -> 0 | AJ27: =IFERROR(ROUND((AI27*$AJ$12),2),"0") -> 0 | AK27: =M27+V27+AJ27 -> 0 | AL27: =IFERROR(VLOOKUP(AK27,Reference!A18:C11987,2)," ") | AM27: =IFERROR(VLOOKUP($AL27,$D$206:$J$307,2),"0") -> 0 | AN27: =IFERROR(VLOOKUP($AL27,$D$206:$J$307,5),"0") -> 0 | AU27: 15 | AV27: =AF27 -> 0 | AW27: =COUNTBLANK(AD27:AE27) -> 2 | AX27: =VLOOKUP(AW27,$BB$13:$BC$15,2) -> 0 | AY27: =AV27*AX27 -> 0 | AZ27: =VLOOKUP(AW27,$BB$13:$BE$15,3) -> 1000 | BA27: =AV27+AZ27 -> 1000
... A52: 40 | K52: =SUM(E52:J52) -> 0 | L52: =IFERROR(ROUND(((K52/$K$12)*100),2),"0") -> 0 | M52: =IFERROR(ROUND((L52*$M$12),2),"0") -> 0 | T52: =SUM(N52:S52) -> 0 | U52: =IFERROR(ROUND(((T52/$T$12)*100),2),"0") -> 0 | V52: =IFERROR(ROUND((U52*$V$12),2),"0") -> 0 | AA52: =SUM(W52:Z52) -> 0 | AB52: =IFERROR(ROUND(((AA52/$AA$12)*100),2),"0") -> 0 | AC52: =IFERROR(ROUND((AB52*$AC$12),2),"0") -> 0 | AF52: =SUM(AD52:AE52) -> 0 | AG52: =IFERROR(ROUND(((AF52/$AF$12)*100),2),"0") -> 0 | AH52: =IFERROR(ROUND((AG52*$AH$12),2),"0") -> 0 | AI52: =AC52+AH52 -> 0 | AJ52: =IFERROR(ROUND((AI52*$AJ$12),2),"0") -> 0 | AK52: =M52+V52+AJ52 -> 0 | AL52: =IFERROR(VLOOKUP(AK52,Reference!A43:C12012,2)," ") | AM52: =IFERROR(VLOOKUP($AL52,$D$206:$J$307,2),"0") -> 0 | AN52: =IFERROR(VLOOKUP($AL52,$D$206:$J$307,5),"0") -> 0 | AU52: 40 | AV52: =AF52 -> 0 | AW52: =COUNTBLANK(AD52:AE52) -> 2 | AX52: =VLOOKUP(AW52,$BB$13:$BC$15,2) -> 0 | AY52: =AV52*AX52 -> 0 | AZ52: =VLOOKUP(AW52,$BB$13:$BE$15,3) -> 1000 | BA52: =AV52+AZ52 -> 1000
A53: 41 | K53: =SUM(E53:J53) -> 0 | L53: =IFERROR(ROUND(((K53/$K$12)*100),2),"0") -> 0 | M53: =IFERROR(ROUND((L53*$M$12),2),"0") -> 0 | T53: =SUM(N53:S53) -> 0 | U53: =IFERROR(ROUND(((T53/$T$12)*100),2),"0") -> 0 | V53: =IFERROR(ROUND((U53*$V$12),2),"0") -> 0 | AA53: =SUM(W53:Z53) -> 0 | AB53: =IFERROR(ROUND(((AA53/$AA$12)*100),2),"0") -> 0 | AC53: =IFERROR(ROUND((AB53*$AC$12),2),"0") -> 0 | AF53: =SUM(AD53:AE53) -> 0 | AG53: =IFERROR(ROUND(((AF53/$AF$12)*100),2),"0") -> 0 | AH53: =IFERROR(ROUND((AG53*$AH$12),2),"0") -> 0 | AI53: =AC53+AH53 -> 0 | AJ53: =IFERROR(ROUND((AI53*$AJ$12),2),"0") -> 0 | AK53: =M53+V53+AJ53 -> 0 | AL53: =IFERROR(VLOOKUP(AK53,Reference!A52:C12021,2)," ") | AM53: =IFERROR(VLOOKUP($AL53,$D$206:$J$307,2),"0") -> 0 | AN53: =IFERROR(VLOOKUP($AL53,$D$206:$J$307,5),"0") -> 0 | AU53: 41 | AV53: =AF53 -> 0 | AW53: =COUNTBLANK(AD53:AE53) -> 2 | AX53: =VLOOKUP(AW53,$BB$13:$BC$15,2) -> 0 | AY53: =AV53*AX53 -> 0 | AZ53: =VLOOKUP(AW53,$BB$13:$BE$15,3) -> 1000 | BA53: =AV53+AZ53 -> 1000
A54: 42 | K54: =SUM(E54:J54) -> 0 | L54: =IFERROR(ROUND(((K54/$K$12)*100),2),"0") -> 0 | M54: =IFERROR(ROUND((L54*$M$12),2),"0") -> 0 | T54: =SUM(N54:S54) -> 0 | U54: =IFERROR(ROUND(((T54/$T$12)*100),2),"0") -> 0 | V54: =IFERROR(ROUND((U54*$V$12),2),"0") -> 0 | AA54: =SUM(W54:Z54) -> 0 | AB54: =IFERROR(ROUND(((AA54/$AA$12)*100),2),"0") -> 0 | AC54: =IFERROR(ROUND((AB54*$AC$12),2),"0") -> 0 | AF54: =SUM(AD54:AE54) -> 0 | AG54: =IFERROR(ROUND(((AF54/$AF$12)*100),2),"0") -> 0 | AH54: =IFERROR(ROUND((AG54*$AH$12),2),"0") -> 0 | AI54: =AC54+AH54 -> 0 | AJ54: =IFERROR(ROUND((AI54*$AJ$12),2),"0") -> 0 | AK54: =M54+V54+AJ54 -> 0 | AL54: =IFERROR(VLOOKUP(AK54,Reference!A53:C12022,2)," ") | AM54: =IFERROR(VLOOKUP($AL54,$D$206:$J$307,2),"0") -> 0 | AN54: =IFERROR(VLOOKUP($AL54,$D$206:$J$307,5),"0") -> 0 | AU54: 42 | AV54: =AF54 -> 0 | AW54: =COUNTBLANK(AD54:AE54) -> 2 | AX54: =VLOOKUP(AW54,$BB$13:$BC$15,2) -> 0 | AY54: =AV54*AX54 -> 0 | AZ54: =VLOOKUP(AW54,$BB$13:$BE$15,3) -> 1000 | BA54: =AV54+AZ54 -> 1000
A55: 43 | K55: =SUM(E55:J55) -> 0 | L55: =IFERROR(ROUND(((K55/$K$12)*100),2),"0") -> 0 | M55: =IFERROR(ROUND((L55*$M$12),2),"0") -> 0 | T55: =SUM(N55:S55) -> 0 | U55: =IFERROR(ROUND(((T55/$T$12)*100),2),"0") -> 0 | V55: =IFERROR(ROUND((U55*$V$12),2),"0") -> 0 | AA55: =SUM(W55:Z55) -> 0 | AB55: =IFERROR(ROUND(((AA55/$AA$12)*100),2),"0") -> 0 | AC55: =IFERROR(ROUND((AB55*$AC$12),2),"0") -> 0 | AF55: =SUM(AD55:AE55) -> 0 | AG55: =IFERROR(ROUND(((AF55/$AF$12)*100),2),"0") -> 0 | AH55: =IFERROR(ROUND((AG55*$AH$12),2),"0") -> 0 | AI55: =AC55+AH55 -> 0 | AJ55: =IFERROR(ROUND((AI55*$AJ$12),2),"0") -> 0 | AK55: =M55+V55+AJ55 -> 0 | AL55: =IFERROR(VLOOKUP(AK55,Reference!A54:C12023,2)," ") | AM55: =IFERROR(VLOOKUP($AL55,$D$206:$J$307,2),"0") -> 0 | AN55: =IFERROR(VLOOKUP($AL55,$D$206:$J$307,5),"0") -> 0 | AU55: 43 | AV55: =AF55 -> 0 | AW55: =COUNTBLANK(AD55:AE55) -> 2 | AX55: =VLOOKUP(AW55,$BB$13:$BC$15,2) -> 0 | AY55: =AV55*AX55 -> 0 | AZ55: =VLOOKUP(AW55,$BB$13:$BE$15,3) -> 1000 | BA55: =AV55+AZ55 -> 1000
A56: 44 | K56: =SUM(E56:J56) -> 0 | L56: =IFERROR(ROUND(((K56/$K$12)*100),2),"0") -> 0 | M56: =IFERROR(ROUND((L56*$M$12),2),"0") -> 0 | T56: =SUM(N56:S56) -> 0 | U56: =IFERROR(ROUND(((T56/$T$12)*100),2),"0") -> 0 | V56: =IFERROR(ROUND((U56*$V$12),2),"0") -> 0 | AA56: =SUM(W56:Z56) -> 0 | AB56: =IFERROR(ROUND(((AA56/$AA$12)*100),2),"0") -> 0 | AC56: =IFERROR(ROUND((AB56*$AC$12),2),"0") -> 0 | AF56: =SUM(AD56:AE56) -> 0 | AG56: =IFERROR(ROUND(((AF56/$AF$12)*100),2),"0") -> 0 | AH56: =IFERROR(ROUND((AG56*$AH$12),2),"0") -> 0 | AI56: =AC56+AH56 -> 0 | AJ56: =IFERROR(ROUND((AI56*$AJ$12),2),"0") -> 0 | AK56: =M56+V56+AJ56 -> 0 | AL56: =IFERROR(VLOOKUP(AK56,Reference!A55:C12024,2)," ") | AM56: =IFERROR(VLOOKUP($AL56,$D$206:$J$307,2),"0") -> 0 | AN56: =IFERROR(VLOOKUP($AL56,$D$206:$J$307,5),"0") -> 0 | AU56: 44 | AV56: =AF56 -> 0 | AW56: =COUNTBLANK(AD56:AE56) -> 2 | AX56: =VLOOKUP(AW56,$BB$13:$BC$15,2) -> 0 | AY56: =AV56*AX56 -> 0 | AZ56: =VLOOKUP(AW56,$BB$13:$BE$15,3) -> 1000 | BA56: =AV56+AZ56 -> 1000
A57: 45 | K57: =SUM(E57:J57) -> 0 | L57: =IFERROR(ROUND(((K57/$K$12)*100),2),"0") -> 0 | M57: =IFERROR(ROUND((L57*$M$12),2),"0") -> 0 | T57: =SUM(N57:S57) -> 0 | U57: =IFERROR(ROUND(((T57/$T$12)*100),2),"0") -> 0 | V57: =IFERROR(ROUND((U57*$V$12),2),"0") -> 0 | AA57: =SUM(W57:Z57) -> 0 | AB57: =IFERROR(ROUND(((AA57/$AA$12)*100),2),"0") -> 0 | AC57: =IFERROR(ROUND((AB57*$AC$12),2),"0") -> 0 | AF57: =SUM(AD57:AE57) -> 0 | AG57: =IFERROR(ROUND(((AF57/$AF$12)*100),2),"0") -> 0 | AH57: =IFERROR(ROUND((AG57*$AH$12),2),"0") -> 0 | AI57: =AC57+AH57 -> 0 | AJ57: =IFERROR(ROUND((AI57*$AJ$12),2),"0") -> 0 | AK57: =M57+V57+AJ57 -> 0 | AL57: =IFERROR(VLOOKUP(AK57,Reference!A56:C12025,2)," ") | AM57: =IFERROR(VLOOKUP($AL57,$D$206:$J$307,2),"0") -> 0 | AN57: =IFERROR(VLOOKUP($AL57,$D$206:$J$307,5),"0") -> 0 | AU57: 45 | AV57: =AF57 -> 0 | AW57: =COUNTBLANK(AD57:AE57) -> 2 | AX57: =VLOOKUP(AW57,$BB$13:$BC$15,2) -> 0 | AY57: =AV57*AX57 -> 0 | AZ57: =VLOOKUP(AW57,$BB$13:$BE$15,3) -> 1000 | BA57: =AV57+AZ57 -> 1000
A58: 46 | K58: =SUM(E58:J58) -> 0 | L58: =IFERROR(ROUND(((K58/$K$12)*100),2),"0") -> 0 | M58: =IFERROR(ROUND((L58*$M$12),2),"0") -> 0 | T58: =SUM(N58:S58) -> 0 | U58: =IFERROR(ROUND(((T58/$T$12)*100),2),"0") -> 0 | V58: =IFERROR(ROUND((U58*$V$12),2),"0") -> 0 | AA58: =SUM(W58:Z58) -> 0 | AB58: =IFERROR(ROUND(((AA58/$AA$12)*100),2),"0") -> 0 | AC58: =IFERROR(ROUND((AB58*$AC$12),2),"0") -> 0 | AF58: =SUM(AD58:AE58) -> 0 | AG58: =IFERROR(ROUND(((AF58/$AF$12)*100),2),"0") -> 0 | AH58: =IFERROR(ROUND((AG58*$AH$12),2),"0") -> 0 | AI58: =AC58+AH58 -> 0 | AJ58: =IFERROR(ROUND((AI58*$AJ$12),2),"0") -> 0 | AK58: =M58+V58+AJ58 -> 0 | AL58: =IFERROR(VLOOKUP(AK58,Reference!A57:C12026,2)," ") | AM58: =IFERROR(VLOOKUP($AL58,$D$206:$J$307,2),"0") -> 0 | AN58: =IFERROR(VLOOKUP($AL58,$D$206:$J$307,5),"0") -> 0 | AU58: 46 | AV58: =AF58 -> 0 | AW58: =COUNTBLANK(AD58:AE58) -> 2 | AX58: =VLOOKUP(AW58,$BB$13:$BC$15,2) -> 0 | AY58: =AV58*AX58 -> 0 | AZ58: =VLOOKUP(AW58,$BB$13:$BE$15,3) -> 1000 | BA58: =AV58+AZ58 -> 1000
A59: 47 | K59: =SUM(E59:J59) -> 0 | L59: =IFERROR(ROUND(((K59/$K$12)*100),2),"0") -> 0 | M59: =IFERROR(ROUND((L59*$M$12),2),"0") -> 0 | T59: =SUM(N59:S59) -> 0 | U59: =IFERROR(ROUND(((T59/$T$12)*100),2),"0") -> 0 | V59: =IFERROR(ROUND((U59*$V$12),2),"0") -> 0 | AA59: =SUM(W59:Z59) -> 0 | AB59: =IFERROR(ROUND(((AA59/$AA$12)*100),2),"0") -> 0 | AC59: =IFERROR(ROUND((AB59*$AC$12),2),"0") -> 0 | AF59: =SUM(AD59:AE59) -> 0 | AG59: =IFERROR(ROUND(((AF59/$AF$12)*100),2),"0") -> 0 | AH59: =IFERROR(ROUND((AG59*$AH$12),2),"0") -> 0 | AI59: =AC59+AH59 -> 0 | AJ59: =IFERROR(ROUND((AI59*$AJ$12),2),"0") -> 0 | AK59: =M59+V59+AJ59 -> 0 | AL59: =IFERROR(VLOOKUP(AK59,Reference!A58:C12027,2)," ") | AM59: =IFERROR(VLOOKUP($AL59,$D$206:$J$307,2),"0") -> 0 | AN59: =IFERROR(VLOOKUP($AL59,$D$206:$J$307,5),"0") -> 0 | AU59: 47 | AV59: =AF59 -> 0 | AW59: =COUNTBLANK(AD59:AE59) -> 2 | AX59: =VLOOKUP(AW59,$BB$13:$BC$15,2) -> 0 | AY59: =AV59*AX59 -> 0 | AZ59: =VLOOKUP(AW59,$BB$13:$BE$15,3) -> 1000 | BA59: =AV59+AZ59 -> 1000
A60: 48 | K60: =SUM(E60:J60) -> 0 | L60: =IFERROR(ROUND(((K60/$K$12)*100),2),"0") -> 0 | M60: =IFERROR(ROUND((L60*$M$12),2),"0") -> 0 | T60: =SUM(N60:S60) -> 0 | U60: =IFERROR(ROUND(((T60/$T$12)*100),2),"0") -> 0 | V60: =IFERROR(ROUND((U60*$V$12),2),"0") -> 0 | AA60: =SUM(W60:Z60) -> 0 | AB60: =IFERROR(ROUND(((AA60/$AA$12)*100),2),"0") -> 0 | AC60: =IFERROR(ROUND((AB60*$AC$12),2),"0") -> 0 | AF60: =SUM(AD60:AE60) -> 0 | AG60: =IFERROR(ROUND(((AF60/$AF$12)*100),2),"0") -> 0 | AH60: =IFERROR(ROUND((AG60*$AH$12),2),"0") -> 0 | AI60: =AC60+AH60 -> 0 | AJ60: =IFERROR(ROUND((AI60*$AJ$12),2),"0") -> 0 | AK60: =M60+V60+AJ60 -> 0 | AL60: =IFERROR(VLOOKUP(AK60,Reference!A59:C12028,2)," ") | AM60: =IFERROR(VLOOKUP($AL60,$D$206:$J$307,2),"0") -> 0 | AN60: =IFERROR(VLOOKUP($AL60,$D$206:$J$307,5),"0") -> 0 | AU60: 48 | AV60: =AF60 -> 0 | AW60: =COUNTBLANK(AD60:AE60) -> 2 | AX60: =VLOOKUP(AW60,$BB$13:$BC$15,2) -> 0 | AY60: =AV60*AX60 -> 0 | AZ60: =VLOOKUP(AW60,$BB$13:$BE$15,3) -> 1000 | BA60: =AV60+AZ60 -> 1000
A61: 49 | K61: =SUM(E61:J61) -> 0 | L61: =IFERROR(ROUND(((K61/$K$12)*100),2),"0") -> 0 | M61: =IFERROR(ROUND((L61*$M$12),2),"0") -> 0 | T61: =SUM(N61:S61) -> 0 | U61: =IFERROR(ROUND(((T61/$T$12)*100),2),"0") -> 0 | V61: =IFERROR(ROUND((U61*$V$12),2),"0") -> 0 | AA61: =SUM(W61:Z61) -> 0 | AB61: =IFERROR(ROUND(((AA61/$AA$12)*100),2),"0") -> 0 | AC61: =IFERROR(ROUND((AB61*$AC$12),2),"0") -> 0 | AF61: =SUM(AD61:AE61) -> 0 | AG61: =IFERROR(ROUND(((AF61/$AF$12)*100),2),"0") -> 0 | AH61: =IFERROR(ROUND((AG61*$AH$12),2),"0") -> 0 | AI61: =AC61+AH61 -> 0 | AJ61: =IFERROR(ROUND((AI61*$AJ$12),2),"0") -> 0 | AK61: =M61+V61+AJ61 -> 0 | AL61: =IFERROR(VLOOKUP(AK61,Reference!A60:C12029,2)," ") | AM61: =IFERROR(VLOOKUP($AL61,$D$206:$J$307,2),"0") -> 0 | AN61: =IFERROR(VLOOKUP($AL61,$D$206:$J$307,5),"0") -> 0 | AU61: 49 | AV61: =AF61 -> 0 | AW61: =COUNTBLANK(AD61:AE61) -> 2 | AX61: =VLOOKUP(AW61,$BB$13:$BC$15,2) -> 0 | AY61: =AV61*AX61 -> 0 | AZ61: =VLOOKUP(AW61,$BB$13:$BE$15,3) -> 1000 | BA61: =AV61+AZ61 -> 1000
A62: 50 | K62: =SUM(E62:J62) -> 0 | L62: =IFERROR(ROUND(((K62/$K$12)*100),2),"0") -> 0 | M62: =IFERROR(ROUND((L62*$M$12),2),"0") -> 0 | T62: =SUM(N62:S62) -> 0 | U62: =IFERROR(ROUND(((T62/$T$12)*100),2),"0") -> 0 | V62: =IFERROR(ROUND((U62*$V$12),2),"0") -> 0 | AA62: =SUM(W62:Z62) -> 0 | AB62: =IFERROR(ROUND(((AA62/$AA$12)*100),2),"0") -> 0 | AC62: =IFERROR(ROUND((AB62*$AC$12),2),"0") -> 0 | AF62: =SUM(AD62:AE62) -> 0 | AG62: =IFERROR(ROUND(((AF62/$AF$12)*100),2),"0") -> 0 | AH62: =IFERROR(ROUND((AG62*$AH$12),2),"0") -> 0 | AI62: =AC62+AH62 -> 0 | AJ62: =IFERROR(ROUND((AI62*$AJ$12),2),"0") -> 0 | AK62: =M62+V62+AJ62 -> 0 | AL62: =IFERROR(VLOOKUP(AK62,Reference!A61:C12030,2)," ") | AM62: =IFERROR(VLOOKUP($AL62,$D$206:$J$307,2),"0") -> 0 | AN62: =IFERROR(VLOOKUP($AL62,$D$206:$J$307,5),"0") -> 0 | AU62: 50 | AV62: =AF62 -> 0 | AW62: =COUNTBLANK(AD62:AE62) -> 2 | AX62: =VLOOKUP(AW62,$BB$13:$BC$15,2) -> 0 | AY62: =AV62*AX62 -> 0 | AZ62: =VLOOKUP(AW62,$BB$13:$BE$15,3) -> 1000 | BA62: =AV62+AZ62 -> 1000
A63: 51 | K63: =SUM(E63:J63) -> 0 | L63: =IFERROR(ROUND(((K63/$K$12)*100),2),"0") -> 0 | M63: =IFERROR(ROUND((L63*$M$12),2),"0") -> 0 | T63: =SUM(N63:S63) -> 0 | U63: =IFERROR(ROUND(((T63/$T$12)*100),2),"0") -> 0 | V63: =IFERROR(ROUND((U63*$V$12),2),"0") -> 0 | AA63: =SUM(W63:Z63) -> 0 | AB63: =IFERROR(ROUND(((AA63/$AA$12)*100),2),"0") -> 0 | AC63: =IFERROR(ROUND((AB63*$AC$12),2),"0") -> 0 | AF63: =SUM(AD63:AE63) -> 0 | AG63: =IFERROR(ROUND(((AF63/$AF$12)*100),2),"0") -> 0 | AH63: =IFERROR(ROUND((AG63*$AH$12),2),"0") -> 0 | AI63: =AC63+AH63 -> 0 | AJ63: =IFERROR(ROUND((AI63*$AJ$12),2),"0") -> 0 | AK63: =M63+V63+AJ63 -> 0 | AL63: =IFERROR(VLOOKUP(AK63,Reference!A62:C12031,2)," ") | AM63: =IFERROR(VLOOKUP($AL63,$D$206:$J$307,2),"0") -> 0 | AN63: =IFERROR(VLOOKUP($AL63,$D$206:$J$307,5),"0") -> 0 | AU63: 51 | AV63: =AF63 -> 0 | AW63: =COUNTBLANK(AD63:AE63) -> 2 | AX63: =VLOOKUP(AW63,$BB$13:$BC$15,2) -> 0 | AY63: =AV63*AX63 -> 0 | AZ63: =VLOOKUP(AW63,$BB$13:$BE$15,3) -> 1000 | BA63: =AV63+AZ63 -> 1000
A64: 52 | K64: =SUM(E64:J64) -> 0 | L64: =IFERROR(ROUND(((K64/$K$12)*100),2),"0") -> 0 | M64: =IFERROR(ROUND((L64*$M$12),2),"0") -> 0 | T64: =SUM(N64:S64) -> 0 | U64: =IFERROR(ROUND(((T64/$T$12)*100),2),"0") -> 0 | V64: =IFERROR(ROUND((U64*$V$12),2),"0") -> 0 | AA64: =SUM(W64:Z64) -> 0 | AB64: =IFERROR(ROUND(((AA64/$AA$12)*100),2),"0") -> 0 | AC64: =IFERROR(ROUND((AB64*$AC$12),2),"0") -> 0 | AF64: =SUM(AD64:AE64) -> 0 | AG64: =IFERROR(ROUND(((AF64/$AF$12)*100),2),"0") -> 0 | AH64: =IFERROR(ROUND((AG64*$AH$12),2),"0") -> 0 | AI64: =AC64+AH64 -> 0 | AJ64: =IFERROR(ROUND((AI64*$AJ$12),2),"0") -> 0 | AK64: =M64+V64+AJ64 -> 0 | AL64: =IFERROR(VLOOKUP(AK64,Reference!A63:C12032,2)," ") | AM64: =IFERROR(VLOOKUP($AL64,$D$206:$J$307,2),"0") -> 0 | AN64: =IFERROR(VLOOKUP($AL64,$D$206:$J$307,5),"0") -> 0 | AU64: 52 | AV64: =AF64 -> 0 | AW64: =COUNTBLANK(AD64:AE64) -> 2 | AX64: =VLOOKUP(AW64,$BB$13:$BC$15,2) -> 0 | AY64: =AV64*AX64 -> 0 | AZ64: =VLOOKUP(AW64,$BB$13:$BE$15,3) -> 1000 | BA64: =AV64+AZ64 -> 1000
... A92: 80 | K92: =SUM(E92:J92) -> 0 | L92: =IFERROR(ROUND(((K92/$K$12)*100),2),"0") -> 0 | M92: =IFERROR(ROUND((L92*$M$12),2),"0") -> 0 | T92: =SUM(N92:S92) -> 0 | U92: =IFERROR(ROUND(((T92/$T$12)*100),2),"0") -> 0 | V92: =IFERROR(ROUND((U92*$V$12),2),"0") -> 0 | AA92: =SUM(W92:Z92) -> 0 | AB92: =IFERROR(ROUND(((AA92/$AA$12)*100),2),"0") -> 0 | AC92: =IFERROR(ROUND((AB92*$AC$12),2),"0") -> 0 | AF92: =SUM(AD92:AE92) -> 0 | AG92: =IFERROR(ROUND(((AF92/$AF$12)*100),2),"0") -> 0 | AH92: =IFERROR(ROUND((AG92*$AH$12),2),"0") -> 0 | AI92: =AC92+AH92 -> 0 | AJ92: =IFERROR(ROUND((AI92*$AJ$12),2),"0") -> 0 | AK92: =M92+V92+AJ92 -> 0 | AL92: =IFERROR(VLOOKUP(AK92,Reference!A91:C12060,2)," ") | AM92: =IFERROR(VLOOKUP($AL92,$D$206:$J$307,2),"0") -> 0 | AN92: =IFERROR(VLOOKUP($AL92,$D$206:$J$307,5),"0") -> 0 | AU92: 80 | AV92: =AF92 -> 0 | AW92: =COUNTBLANK(AD92:AE92) -> 2 | AX92: =VLOOKUP(AW92,$BB$13:$BC$15,2) -> 0 | AY92: =AV92*AX92 -> 0 | AZ92: =VLOOKUP(AW92,$BB$13:$BE$15,3) -> 1000 | BA92: =AV92+AZ92 -> 1000
A93: Written Work/Oral Work | F93: Performance Task | N93: Summative Test | W93: Term Examination | AE93: Final Grade
A94: Tota HPS | D94: =K12 -> 0 | F94: Tota HPS | L94: =T12 -> 0 | N94: Tota HPS | U94: =AA12 -> 0 | W94: Tota HPS | AC94: =AF12 -> 0 | AE94: Tota HPS | AJ94: 100 | AL94: No. of Emerging | AN94: =AL5-SUM(AN95:AN98) -> 60 | AU94: Max | AV94: =MAX(AV13:AV93) -> 0 | AZ94: Min | BA94: =MIN(BA13:BA93) -> 1000
A95: Number of Learners | D95: =AL5 -> 60 | F95: Number of Learners | L95: =AL5 -> 60 | N95: Number of Learners | U95: =AL5 -> 60 | W95: Number of Learners | AC95: =AL5 -> 60 | AE95: Number of Learners | AJ95: =AL5 -> 60 | AL95: No. of Developing | AN95: =COUNTIF($AL$13:$AL$52,">64")+COUNTIF($AL$53:$AL$92,">64")-AN96-AN97-AN98 -> 0
A96: TTL Scores of Learners | D96: =SUM(K13:K92) -> 0 | F96: TTL Scores of Learners | L96: =SUM(T13:T92) -> 0 | N96: TTL Scores of Learners | U96: =SUM(AA13:AA92) -> 0 | W96: TTL Scores of Learners | AC96: =SUM(AF13:AF92) -> 0 | AE96: TTL Grades of Learners | AJ96: =SUM(AL13:AL92) -> 60 | AL96: No. of Connecting | AN96: =COUNTIF($AL$13:$AL$52,">74")+COUNTIF($AL$53:$AL$92,">74")-AN97-AN98 -> 0
A97: Proficiency | D97: =IFERROR(ROUND((D96/(D94*D95)*100),2),"0") -> 0 | F97: Proficiency | L97: =IFERROR(ROUND((L96/(L94*L95)*100),2),"0") -> 0 | N97: Proficiency | U97: =IFERROR(ROUND((U96/(U94*U95)*100),2),"0") -> 0 | W97: Proficiency | AC97: =IFERROR(ROUND((AC96/(AC94*AC95)*100),2),"0") -> 0 | AE97: Proficiency | AJ97: =IFERROR(ROUND((AJ96/AJ95),2),"0") -> 1 | AL97: No. of Benchmarking | AN97: =COUNTIF($AL$13:$AL$52,">79")+COUNTIF($AL$53:$AL$92,">79")-AN98 -> 0
A98: Mean (μ) | D98: =B198 -> 0 | F98: Mean (μ) | L98: =H198 -> 0 | N98: Mean (μ) | U98: =N198 -> 0 | W98: Mean (μ) | AC98: =W198 -> 0 | AE98: Number of Learners w/ 75% and Above | AJ98: =COUNTIF(AL13:AL92,">74") -> 0 | AL98: No. of Advancing | AN98: =COUNTIF($AL$13:$AL$52,">89")+COUNTIF($AL$53:$AL$92,">89") -> 0
A99: Number of Learners w/ 75% and Above | D99: =COUNTIF(L13:L92,">74") -> 0 | F99: Number of Learners w/ 75% and Above | L99: =COUNTIF(U13:U92,">74") -> 0 | N99: Number of Learners w/ 75% and Above | U99: =COUNTIF(AB53:AB92,">74") -> 0 | W99: Number of Learners w/ 75% and Above | AC99: =COUNTIF(AG13:AG92,">74") -> 0 | AE99: % of Learners w/ 75% and Above | AJ99: =IFERROR(ROUND(((AJ98/AJ95)*100),2),"0") -> 0
A100: % of Learners w/ 75% and Above | D100: =IFERROR(ROUND(((D99/D95)*100),2),"0") -> 0 | F100: % of Learners w/ 75% and Above | L100: =IFERROR(ROUND(((L99/L95)*100),2),"0") -> 0 | N100: % of Learners w/ 75% and Above | U100: =IFERROR(ROUND(((U99/U95)*100),2),"0") -> 0 | W100: % of Learners w/ 75% and Above | AC100: =IFERROR(ROUND(((AC99/AC95)*100),2),"0") -> 0 | AE100: % of Failures | AJ100: =100-AJ99 -> 100
A101: Standard Deviation (σ) | D101: =C201 -> 0 | F101: Standard Deviation (σ) | L101: =I201 -> 0 | N101: Standard Deviation (σ) | U101: =P201 -> 0 | W101: Standard Deviation (σ) | AC101: =Y201 -> 0 | AE101: Standard Deviation (σ) | AJ101: =ROUND((AI198),2) -> 7.62
A102: Descriptive Analysis | C102: =VLOOKUP(D97,$A$207:$C$383,2) -> #N/A | F102: Descriptive Analysis | J102: =VLOOKUP(L97,$A$207:$C$383,2) -> #N/A | N102: Descriptive Analysis | T102: =VLOOKUP(U97,$A$207:$C$383,2) -> #N/A | W102: Descriptive Analysis | AA102: =VLOOKUP(AC97,$A$207:$C$383,2) -> #N/A | AE102: Descriptive Analysis: | AI102: =IFERROR(VLOOKUP(AJ97,$D$206:$J$307,2),"0") -> Emerging | AL102: Remarks: | AN102: =IFERROR(VLOOKUP(AJ97,$D$206:$J$307,5),"0") -> Failed
A116: written work | G116: Performance Task | M116: Summative Test | V116: Term Examination | AF116: 1 | AG116: =IFERROR((AL13),"0") -> 60 | AH116: =IFERROR((AG116-$AJ$97),"0") -> 59 | AI116: =AH116^2 -> 3481
A117: 1 | B117: =K13 -> 0 | C117: =B117-$D$98 -> 0 | D117: =IFERROR(ROUND((C117^2),4),"0") -> 0 | G117: 1 | H117: =T13 -> 0 | I117: =H117-$L$98 -> 0 | J117: =IFERROR(ROUND((I117^2),4),"0") -> 0 | M117: 1 | N117: =AA13 -> 0 | P117: =N117-$U$98 -> 0 | R117: =IFERROR(ROUND((P117^2),4),"0") -> 0 | V117: 1 | W117: =AF13 -> 0 | Y117: =W117-$AC$98 -> 0 | AA117: =IFERROR(ROUND((Y117^2),4),"0") -> 0 | AF117: 2 | AG117: =IFERROR((AL14),"0") | AH117: =IFERROR((AG117-$AJ$97),"0") -> 0 | AI117: =AH117^2 -> 0
A118: 2 | B118: =K14 -> 0 | C118: =B118-$D$98 -> 0 | D118: =IFERROR(ROUND((C118^2),4),"0") -> 0 | G118: 2 | H118: =T14 -> 0 | I118: =H118-$L$98 -> 0 | J118: =IFERROR(ROUND((I118^2),4),"0") -> 0 | M118: 2 | N118: =AA14 -> 0 | P118: =N118-$U$98 -> 0 | R118: =IFERROR(ROUND((P118^2),4),"0") -> 0 | V118: 2 | W118: =AF14 -> 0 | Y118: =W118-$AC$98 -> 0 | AA118: =IFERROR(ROUND((Y118^2),4),"0") -> 0 | AF118: 3 | AG118: =IFERROR((AL15),"0") | AH118: =IFERROR((AG118-$AJ$97),"0") -> 0 | AI118: =AH118^2 -> 0
A119: 3 | B119: =K15 -> 0 | C119: =B119-$D$98 -> 0 | D119: =IFERROR(ROUND((C119^2),4),"0") -> 0 | G119: 3 | H119: =T15 -> 0 | I119: =H119-$L$98 -> 0 | J119: =IFERROR(ROUND((I119^2),4),"0") -> 0 | M119: 3 | N119: =AA15 -> 0 | P119: =N119-$U$98 -> 0 | R119: =IFERROR(ROUND((P119^2),4),"0") -> 0 | V119: 3 | W119: =AF15 -> 0 | Y119: =W119-$AC$98 -> 0 | AA119: =IFERROR(ROUND((Y119^2),4),"0") -> 0 | AF119: 4 | AG119: =IFERROR((AL16),"0") | AH119: =IFERROR((AG119-$AJ$97),"0") -> 0 | AI119: =AH119^2 -> 0
A120: 4 | B120: =K16 -> 0 | C120: =B120-$D$98 -> 0 | D120: =IFERROR(ROUND((C120^2),4),"0") -> 0 | G120: 4 | H120: =T16 -> 0 | I120: =H120-$L$98 -> 0 | J120: =IFERROR(ROUND((I120^2),4),"0") -> 0 | M120: 4 | N120: =AA16 -> 0 | P120: =N120-$U$98 -> 0 | R120: =IFERROR(ROUND((P120^2),4),"0") -> 0 | V120: 4 | W120: =AF16 -> 0 | Y120: =W120-$AC$98 -> 0 | AA120: =IFERROR(ROUND((Y120^2),4),"0") -> 0 | AF120: 5 | AG120: =IFERROR((AL17),"0") | AH120: =IFERROR((AG120-$AJ$97),"0") -> 0 | AI120: =AH120^2 -> 0
A121: 5 | B121: =K17 -> 0 | C121: =B121-$D$98 -> 0 | D121: =IFERROR(ROUND((C121^2),4),"0") -> 0 | G121: 5 | H121: =T17 -> 0 | I121: =H121-$L$98 -> 0 | J121: =IFERROR(ROUND((I121^2),4),"0") -> 0 | M121: 5 | N121: =AA17 -> 0 | P121: =N121-$U$98 -> 0 | R121: =IFERROR(ROUND((P121^2),4),"0") -> 0 | V121: 5 | W121: =AF17 -> 0 | Y121: =W121-$AC$98 -> 0 | AA121: =IFERROR(ROUND((Y121^2),4),"0") -> 0 | AF121: 6 | AG121: =IFERROR((AL18),"0") | AH121: =IFERROR((AG121-$AJ$97),"0") -> 0 | AI121: =AH121^2 -> 0
A122: 6 | B122: =K18 -> 0 | C122: =B122-$D$98 -> 0 | D122: =IFERROR(ROUND((C122^2),4),"0") -> 0 | G122: 6 | H122: =T18 -> 0 | I122: =H122-$L$98 -> 0 | J122: =IFERROR(ROUND((I122^2),4),"0") -> 0 | M122: 6 | N122: =AA18 -> 0 | P122: =N122-$U$98 -> 0 | R122: =IFERROR(ROUND((P122^2),4),"0") -> 0 | V122: 6 | W122: =AF18 -> 0 | Y122: =W122-$AC$98 -> 0 | AA122: =IFERROR(ROUND((Y122^2),4),"0") -> 0 | AF122: 7 | AG122: =IFERROR((AL19),"0") | AH122: =IFERROR((AG122-$AJ$97),"0") -> 0 | AI122: =AH122^2 -> 0
A123: 7 | B123: =K19 -> 0 | C123: =B123-$D$98 -> 0 | D123: =IFERROR(ROUND((C123^2),4),"0") -> 0 | G123: 7 | H123: =T19 -> 0 | I123: =H123-$L$98 -> 0 | J123: =IFERROR(ROUND((I123^2),4),"0") -> 0 | M123: 7 | N123: =AA19 -> 0 | P123: =N123-$U$98 -> 0 | R123: =IFERROR(ROUND((P123^2),4),"0") -> 0 | V123: 7 | W123: =AF19 -> 0 | Y123: =W123-$AC$98 -> 0 | AA123: =IFERROR(ROUND((Y123^2),4),"0") -> 0 | AF123: 8 | AG123: =IFERROR((AL20),"0") | AH123: =IFERROR((AG123-$AJ$97),"0") -> 0 | AI123: =AH123^2 -> 0
A124: 8 | B124: =K20 -> 0 | C124: =B124-$D$98 -> 0 | D124: =IFERROR(ROUND((C124^2),4),"0") -> 0 | G124: 8 | H124: =T20 -> 0 | I124: =H124-$L$98 -> 0 | J124: =IFERROR(ROUND((I124^2),4),"0") -> 0 | M124: 8 | N124: =AA20 -> 0 | P124: =N124-$U$98 -> 0 | R124: =IFERROR(ROUND((P124^2),4),"0") -> 0 | V124: 8 | W124: =AF20 -> 0 | Y124: =W124-$AC$98 -> 0 | AA124: =IFERROR(ROUND((Y124^2),4),"0") -> 0 | AF124: 9 | AG124: =IFERROR((AL21),"0") | AH124: =IFERROR((AG124-$AJ$97),"0") -> 0 | AI124: =AH124^2 -> 0
A125: 9 | B125: =K21 -> 0 | C125: =B125-$D$98 -> 0 | D125: =IFERROR(ROUND((C125^2),4),"0") -> 0 | G125: 9 | H125: =T21 -> 0 | I125: =H125-$L$98 -> 0 | J125: =IFERROR(ROUND((I125^2),4),"0") -> 0 | M125: 9 | N125: =AA21 -> 0 | P125: =N125-$U$98 -> 0 | R125: =IFERROR(ROUND((P125^2),4),"0") -> 0 | V125: 9 | W125: =AF21 -> 0 | Y125: =W125-$AC$98 -> 0 | AA125: =IFERROR(ROUND((Y125^2),4),"0") -> 0 | AF125: 10 | AG125: =IFERROR((AL22),"0") | AH125: =IFERROR((AG125-$AJ$97),"0") -> 0 | AI125: =AH125^2 -> 0
A126: 10 | B126: =K22 -> 0 | C126: =B126-$D$98 -> 0 | D126: =IFERROR(ROUND((C126^2),4),"0") -> 0 | G126: 10 | H126: =T22 -> 0 | I126: =H126-$L$98 -> 0 | J126: =IFERROR(ROUND((I126^2),4),"0") -> 0 | M126: 10 | N126: =AA22 -> 0 | P126: =N126-$U$98 -> 0 | R126: =IFERROR(ROUND((P126^2),4),"0") -> 0 | V126: 10 | W126: =AF22 -> 0 | Y126: =W126-$AC$98 -> 0 | AA126: =IFERROR(ROUND((Y126^2),4),"0") -> 0 | AF126: 11 | AG126: =IFERROR((AL23),"0") | AH126: =IFERROR((AG126-$AJ$97),"0") -> 0 | AI126: =AH126^2 -> 0
A127: 11 | B127: =K23 -> 0 | C127: =B127-$D$98 -> 0 | D127: =IFERROR(ROUND((C127^2),4),"0") -> 0 | G127: 11 | H127: =T23 -> 0 | I127: =H127-$L$98 -> 0 | J127: =IFERROR(ROUND((I127^2),4),"0") -> 0 | M127: 11 | N127: =AA23 -> 0 | P127: =N127-$U$98 -> 0 | R127: =IFERROR(ROUND((P127^2),4),"0") -> 0 | V127: 11 | W127: =AF23 -> 0 | Y127: =W127-$AC$98 -> 0 | AA127: =IFERROR(ROUND((Y127^2),4),"0") -> 0 | AF127: 12 | AG127: =IFERROR((AL24),"0") | AH127: =IFERROR((AG127-$AJ$97),"0") -> 0 | AI127: =AH127^2 -> 0
A128: 12 | B128: =K24 -> 0 | C128: =B128-$D$98 -> 0 | D128: =IFERROR(ROUND((C128^2),4),"0") -> 0 | G128: 12 | H128: =T24 -> 0 | I128: =H128-$L$98 -> 0 | J128: =IFERROR(ROUND((I128^2),4),"0") -> 0 | M128: 12 | N128: =AA24 -> 0 | P128: =N128-$U$98 -> 0 | R128: =IFERROR(ROUND((P128^2),4),"0") -> 0 | V128: 12 | W128: =AF24 -> 0 | Y128: =W128-$AC$98 -> 0 | AA128: =IFERROR(ROUND((Y128^2),4),"0") -> 0 | AF128: 13 | AG128: =IFERROR((AL25),"0") | AH128: =IFERROR((AG128-$AJ$97),"0") -> 0 | AI128: =AH128^2 -> 0
... A195: 79 | B195: =K91 -> 0 | C195: =B195-$D$98 -> 0 | D195: =IFERROR(ROUND((C195^2),4),"0") -> 0 | G195: 79 | H195: =T91 -> 0 | I195: =H195-$L$98 -> 0 | J195: =IFERROR(ROUND((I195^2),4),"0") -> 0 | M195: 79 | N195: =AA91 -> 0 | P195: =N195-$U$98 -> 0 | R195: =IFERROR(ROUND((P195^2),4),"0") -> 0 | V195: 79 | W195: =AF91 -> 0 | Y195: =W195-$AC$98 -> 0 | AA195: =IFERROR(ROUND((Y195^2),4),"0") -> 0 | AF195: 80 | AG195: =IFERROR((AL92),"0") | AH195: =IFERROR((AG195-$AJ$97),"0") -> 0 | AI195: =AH195^2 -> 0
A196: 80 | B196: =K92 -> 0 | C196: =B196-$D$98 -> 0 | D196: =IFERROR(ROUND((C196^2),4),"0") -> 0 | G196: 80 | H196: =T92 -> 0 | I196: =H196-$L$98 -> 0 | J196: =IFERROR(ROUND((I196^2),4),"0") -> 0 | M196: 80 | N196: =AA92 -> 0 | P196: =N196-$U$98 -> 0 | R196: =IFERROR(ROUND((P196^2),4),"0") -> 0 | V196: 80 | W196: =AF92 -> 0 | Y196: =W196-$AC$98 -> 0 | AA196: =IFERROR(ROUND((Y196^2),4),"0") -> 0 | AI196: =SUM(AI116:AI195) -> 3481
B197: =SUM(B117:B196) -> 0 | C197: =B198 -> 0 | D197: =IFERROR(ROUND((C197^2),4),"0") -> 0 | H197: =SUM(H117:H196) -> 0 | I197: =L98 -> 0 | J197: =IFERROR(ROUND((I197^2),4),"0") -> 0 | M197: =SUM(N117:N196) -> 0 | P197: =U98 -> 0 | R197: =IFERROR(ROUND((P197^2),4),"0") -> 0 | V197: =SUM(W117:W196) -> 0 | Y197: =AC98 -> 0 | AA197: =IFERROR(ROUND((Y197^2),4),"0") -> 0 | AI197: =AI196/AJ95 -> 58.016667
A198: Mean | B198: =IFERROR(ROUND((B197/D95),2),"0") -> 0 | C198: =80-D95 -> 20 | D198: =C198*D197 -> 0 | F198: Mean | H198: =IFERROR(ROUND((H197/L95),2),"0") -> 0 | I198: =80-L95 -> 20 | J198: =I198*J197 -> 0 | M198: Mean | N198: =IFERROR(ROUND((M197/U95),2),"0") -> 0 | P198: =C198 -> 20 | R198: =P198*R197 -> 0 | V198: Mean | W198: =IFERROR(ROUND((V197/AA86),2),"0") -> 0 | Y198: =C198 -> 20 | AA198: =Y198*AA197 -> 0 | AI198: =AI197^0.5 -> 7.6168672
C199: =SUM(D117:E196)-D198 -> 0 | I199: =SUM(J117:K196)-J198 -> 0 | P199: =SUM(R117:T196)-R198 -> 0 | Y199: =SUM(AA117:AC196)-AA198 -> 0
C200: =C199/D95 -> 0 | I200: =I199/L95 -> 0 | P200: =P199/U95 -> 0 | Y200: =Y199/AC95 -> 0
B201: σ | C201: =IFERROR(ROUND((C200^0.5),2),"0") -> 0 | I201: =IFERROR(ROUND((I200^0.5),2),"0") -> 0 | P201: =IFERROR(ROUND((P200^0.5),2),"0") -> 0 | Y201: =IFERROR(ROUND((Y200^0.5),2),"0") -> 0
A207: 1 | B207: Not Proficient | D207: 1 | E207: Emerging | H207: Failed
A208: 2 | B208: Not Proficient | D208: 2 | E208: Emerging | H208: Failed
A209: 3 | B209: Not Proficient | D209: 3 | E209: Emerging | H209: Failed
A210: 4 | B210: Not Proficient | D210: 4 | E210: Emerging | H210: Failed
A211: 5 | B211: Not Proficient | D211: 5 | E211: Emerging | H211: Failed
A212: 6 | B212: Not Proficient | D212: 6 | E212: Emerging | H212: Failed
A213: 7 | B213: Not Proficient | D213: 7 | E213: Emerging | H213: Failed
A214: 8 | B214: Not Proficient | D214: 8 | E214: Emerging | H214: Failed
A215: 9 | B215: Not Proficient | D215: 9 | E215: Emerging | H215: Failed
A216: 10 | B216: Not Proficient | D216: 10 | E216: Emerging | H216: Failed
A217: 11 | B217: Not Proficient | D217: 11 | E217: Emerging | H217: Failed
A218: 12 | B218: Not Proficient | D218: 12 | E218: Emerging | H218: Failed
... A306: 100 | B306: Highly Proficient | D306: 100 | E306: Advancing | H306: Passed
A307: 101 | B307: Highly Proficient
A308: 102 | B308: Highly Proficient
A309: 103 | B309: Highly Proficient
A310: 104 | B310: Highly Proficient
A311: 105 | B311: Highly Proficient
A312: 106 | B312: Highly Proficient
A313: 107 | B313: Highly Proficient
A314: 108 | B314: Highly Proficient
A315: 109 | B315: Highly Proficient

Sheet Result
B1: ='Input Details'!O2 -> #VALUE! | D1: ='Input Details'!O5 -> #VALUE! | F1: Republic of the Philippines | Q1: ='Input Details'!O8 -> #VALUE! | S1: ='Input Details'!O11 -> #VALUE!
F2: Department of Education
F3: Region XI
F4: Division of Island Garden City of Samal
B6: REPORT OF LEARNERS PERFORMANCE
B8: School: | D8: ='Input Details'!C4 -> Nieves Villarica National High School | J8: School ID: | L8: ='Input Details'!C5 -> 323403 | N8: District: | P8: ='Input Details'!C6 -> Babak
B9: Grade Level: | D9: ='Input Details'!C13 -> 12 | F9: Section: | H9: ='Input Details'!C14 -> TESLA | K9: Term: | M9: ='Input Details'!C10 -> First | O9: Subject: | Q9: ='Input Details'!C12 -> Research 1
B11: Number of Students: | F11: Male | G11: ='Input Details'!C15 -> 28 | J11: Female: | L11: ='Input Details'!C16 -> 32 | N11: Total: | P11: =G11+L11 -> 60
B13: Table1 | M13: Table2
B14: Written Work and Oral Work | M14: Performance Task
B15: Tota HPS | J15: ='E-Class'!D94 -> 0 | M15: Tota HPS | S15: ='E-Class'!L94 -> 0
B16: TTL Scores of Learners | J16: ='E-Class'!D96 -> 0 | M16: TTL Scores of Learners | S16: ='E-Class'!L96 -> 0
B17: Proficiency | J17: ='E-Class'!D97 -> 0 | M17: Proficiency | S17: ='E-Class'!L97 -> 0
B18: Mean (μ) | J18: ='E-Class'!D98 -> 0 | M18: Mean (μ) | S18: ='E-Class'!L98 -> 0
B19: Number of Learners w/ 75% and Above | J19: ='E-Class'!D99 -> 0 | M19: Number of Learners w/ 75% and Above | S19: ='E-Class'!L99 -> 0
B20: % of Learners w/ 75% and Above | J20: ='E-Class'!D100 -> 0 | M20: % of Learners w/ 75% and Above | S20: ='E-Class'!L100 -> 0
B21: Standard Deviation (σ) | J21: ='E-Class'!D101 -> 0 | M21: Standard Deviation (σ) | S21: ='E-Class'!L101 -> 0
B22: Descriptive: | E22: ='E-Class'!C102 -> #N/A | M22: Descriptive: | P22: ='E-Class'!J102 -> #N/A
B24: Table 3 | M24: Table 4
B25: Summative Test | M25: Term Examination
B26: Tota HPS | J26: ='E-Class'!U94 -> 0 | M26: Tota HPS | S26: ='E-Class'!AC94 -> 0
B27: TTL Scores of Learners | J27: ='E-Class'!U96 -> 0 | M27: TTL Scores of Learners | S27: ='E-Class'!AC96 -> 0
B28: Proficiency | J28: ='E-Class'!U97 -> 0 | M28: Proficiency | S28: ='E-Class'!AC97 -> 0
B29: Mean (μ) | J29: ='E-Class'!U98 -> 0 | M29: Mean (μ) | S29: ='E-Class'!AC98 -> 0
B30: Number of Learners w/ 75% and Above | J30: ='E-Class'!U99 -> 0 | M30: Number of Learners w/ 75% and Above | S30: ='E-Class'!AC99 -> 0
B31: % of Learners w/ 75% and Above | J31: ='E-Class'!U100 -> 0 | M31: % of Learners w/ 75% and Above | S31: ='E-Class'!AC100 -> 0
B32: Standard Deviation (σ) | J32: ='E-Class'!U101 -> 0 | M32: Standard Deviation (σ) | S32: ='E-Class'!AC101 -> 0
B33: Descriptive: | E33: ='E-Class'!T102 -> #N/A | M33: Descriptive: | P33: ='E-Class'!AA102 -> #N/A
B36: Final Grade | O36: SUMMARY
B37: Tota HPS | G37: 100 | I37: No. of Emerging | L37: ='E-Class'!AN94 -> 60 | O37: Component | S37: Proficiency
B38: TTL Grades of Learners | G38: ='E-Class'!AJ96 -> 60 | I38: No. of Developing | L38: ='E-Class'!AN95 -> 0 | O38: Written/Oral Work | S38: =J17 -> 0
B39: Proficiency | G39: ='E-Class'!AJ97 -> 1 | I39: No. of Connecting | L39: ='E-Class'!AN96 -> 0 | O39: Performance Task | S39: =S17 -> 0
B40: Number of Learners w/ 75% and Above | G40: ='E-Class'!AJ98 -> 0 | I40: No. of Benchmarking | L40: ='E-Class'!AN97 -> 0 | O40: Summative Test | S40: =J28 -> 0
B41: % of Learners w/ 75% and Above | G41: ='E-Class'!AJ99 -> 0 | I41: No. of Advancing | L41: ='E-Class'!AN98 -> 0 | O41: Term Examination | S41: =S28 -> 0
B42: % of Failures | G42: ='E-Class'!AJ100 -> 100 | O42: Final Grade | S42: =G39 -> 1
B43: Standard Deviation (σ) | G43: ='E-Class'!AJ101 -> 7.62
B44: Descriptive Analysis: | F44: ='E-Class'!AI102 -> Emerging | I44: Remarks: | K44: ='E-Class'!AN102 -> Failed
C47: =O37 -> Component | D47: =S37 -> Proficiency
C48: =O38 -> Written/Oral Work | D48: =S38 -> 0
C49: =O39 -> Performance Task | D49: =S39 -> 0
C50: =O40 -> Summative Test | D50: =S40 -> 0
C51: =O41 -> Term Examination | D51: =S41 -> 0
C52: =O42 -> Final Grade | D52: =S42 -> 1
P59: junelo.fornolles@deped.gov.ph
B63: Term Examination Learner's Performance Level
AD64: =N68 -> 0 | AE64: =O68 -> 0 | AF64: =P68 -> 0 | AG64: =R68 -> 0 | AH64: =S68 -> 0 | AI64: =T68 -> 0
AB65: 1 | AC65: ='E-Class'!AF13 -> 0 | AD65: =IF(AC65<=AD$64,"1","0") -> 1 | AE65: =IF(AC65<=AE$64,"1","0") -> 1 | AF65: =IF($AC65<=AF$64,"1","0") -> 1 | AG65: =IF($AC65<=AG$64,"1","0") -> 1 | AH65: =IF($AC65<=AH$64,"1","0") -> 1 | AI65: =IF($AC65<=AI$64,"1","0") -> 1
C66: Grading Scale | E66: No. of Learners | G66: Percentage | I66: Level | M66: Standard Deviation | Q66: =S32 -> 0 | AB66: 2 | AC66: ='E-Class'!AF14 -> 0 | AD66: =IF(AC66<=AD$64,"1","0") -> 1 | AE66: =IF(AC66<=AE$64,"1","0") -> 1 | AF66: =IF($AC66<=AF$64,"1","0") -> 1 | AG66: =IF($AC66<=AG$64,"1","0") -> 1 | AH66: =IF($AC66<=AH$64,"1","0") -> 1 | AI66: =IF($AC66<=AI$64,"1","0") -> 1
C67: 90-100 | E67: =COUNTIF('E-Class'!$AG$13:$AG$52,">89")+COUNTIF('E-Class'!$AG$53:$AG$92,">89") -> 0 | G67: =IFERROR(ROUND(((E67/$P$11)*100),2),"0") -> 0 | I67: Highly Proficient | M67: SD Range | N67: σ3- | O67: σ2- | P67: σ1- | Q67: μ | R67: σ1+ | S67: σ2+ | T67: σ3+ | AB67: 3 | AC67: ='E-Class'!AF15 -> 0 | AD67: =IF(AC67<=AD$64,"1","0") -> 1 | AE67: =IF(AC67<=AE$64,"1","0") -> 1 | AF67: =IF($AC67<=AF$64,"1","0") -> 1 | AG67: =IF($AC67<=AG$64,"1","0") -> 1 | AH67: =IF($AC67<=AH$64,"1","0") -> 1 | AI67: =IF($AC67<=AI$64,"1","0") -> 1
C68: 75-89 | E68: =COUNTIF('E-Class'!$AG$13:$AG$52,">74")+COUNTIF('E-Class'!$AG$53:$AG$92,">74")-E67 -> 0 | G68: =IFERROR(ROUND(((E68/$P$11)*100),2),"0") -> 0 | I68: Proficient | N68: =O68-$Q$66 -> 0 | O68: =P68-$Q$66 -> 0 | P68: =Q68-$Q$66 -> 0 | Q68: =S29 -> 0 | R68: =Q68+$Q$66 -> 0 | S68: =R68+$Q$66 -> 0 | T68: =S68+$Q$66 -> 0 | AB68: 4 | AC68: ='E-Class'!AF16 -> 0 | AD68: =IF(AC68<=AD$64,"1","0") -> 1 | AE68: =IF(AC68<=AE$64,"1","0") -> 1 | AF68: =IF($AC68<=AF$64,"1","0") -> 1 | AG68: =IF($AC68<=AG$64,"1","0") -> 1 | AH68: =IF($AC68<=AH$64,"1","0") -> 1 | AI68: =IF($AC68<=AI$64,"1","0") -> 1
C69: 50-74 | E69: =COUNTIF('E-Class'!$AG$13:$AG$52,">49")+COUNTIF('E-Class'!$AG$53:$AG$92,">49")-E68-E67 -> 0 | G69: =IFERROR(ROUND(((E69/$P$11)*100),2),"0") -> 0 | I69: Nearly Proficient | M69: Highest Score | P69: Lowest Score | S69: Range | AB69: 5 | AC69: ='E-Class'!AF17 -> 0 | AD69: =IF(AC69<=AD$64,"1","0") -> 1 | AE69: =IF(AC69<=AE$64,"1","0") -> 1 | AF69: =IF($AC69<=AF$64,"1","0") -> 1 | AG69: =IF($AC69<=AG$64,"1","0") -> 1 | AH69: =IF($AC69<=AH$64,"1","0") -> 1 | AI69: =IF($AC69<=AI$64,"1","0") -> 1
C70: 25-49 | E70: =COUNTIF('E-Class'!$AG$13:$AG$52,">24")+COUNTIF('E-Class'!$AG$53:$AG$92,">24")-E69-E68-E67 -> 0 | G70: =IFERROR(ROUND(((E70/$P$11)*100),2),"0") -> 0 | I70: Low Proficient | M70: ='E-Class'!AV94 -> 0 | P70: ='E-Class'!BA94 -> 1000 | S70: =M70-P70 -> -1000 | AB70: 6 | AC70: ='E-Class'!AF18 -> 0 | AD70: =IF(AC70<=AD$64,"1","0") -> 1 | AE70: =IF(AC70<=AE$64,"1","0") -> 1 | AF70: =IF($AC70<=AF$64,"1","0") -> 1 | AG70: =IF($AC70<=AG$64,"1","0") -> 1 | AH70: =IF($AC70<=AH$64,"1","0") -> 1 | AI70: =IF($AC70<=AI$64,"1","0") -> 1
C71: 0-24 | E71: =P11-SUM(E67:F70) -> 60 | G71: =IFERROR(ROUND(((E71/$P$11)*100),2),"0") -> 100 | I71: Not Proficient | AB71: 7 | AC71: ='E-Class'!AF19 -> 0 | AD71: =IF(AC71<=AD$64,"1","0") -> 1 | AE71: =IF(AC71<=AE$64,"1","0") -> 1 | AF71: =IF($AC71<=AF$64,"1","0") -> 1 | AG71: =IF($AC71<=AG$64,"1","0") -> 1 | AH71: =IF($AC71<=AH$64,"1","0") -> 1 | AI71: =IF($AC71<=AI$64,"1","0") -> 1
AB72: 8 | AC72: ='E-Class'!AF20 -> 0 | AD72: =IF(AC72<=AD$64,"1","0") -> 1 | AE72: =IF(AC72<=AE$64,"1","0") -> 1 | AF72: =IF($AC72<=AF$64,"1","0") -> 1 | AG72: =IF($AC72<=AG$64,"1","0") -> 1 | AH72: =IF($AC72<=AH$64,"1","0") -> 1 | AI72: =IF($AC72<=AI$64,"1","0") -> 1
AB73: 9 | AC73: ='E-Class'!AF21 -> 0 | AD73: =IF(AC73<=AD$64,"1","0") -> 1 | AE73: =IF(AC73<=AE$64,"1","0") -> 1 | AF73: =IF($AC73<=AF$64,"1","0") -> 1 | AG73: =IF($AC73<=AG$64,"1","0") -> 1 | AH73: =IF($AC73<=AH$64,"1","0") -> 1 | AI73: =IF($AC73<=AI$64,"1","0") -> 1
AB74: 10 | AC74: ='E-Class'!AF22 -> 0 | AD74: =IF(AC74<=AD$64,"1","0") -> 1 | AE74: =IF(AC74<=AE$64,"1","0") -> 1 | AF74: =IF($AC74<=AF$64,"1","0") -> 1 | AG74: =IF($AC74<=AG$64,"1","0") -> 1 | AH74: =IF($AC74<=AH$64,"1","0") -> 1 | AI74: =IF($AC74<=AI$64,"1","0") -> 1
AB75: 11 | AC75: ='E-Class'!AF23 -> 0 | AD75: =IF(AC75<=AD$64,"1","0") -> 1 | AE75: =IF(AC75<=AE$64,"1","0") -> 1 | AF75: =IF($AC75<=AF$64,"1","0") -> 1 | AG75: =IF($AC75<=AG$64,"1","0") -> 1 | AH75: =IF($AC75<=AH$64,"1","0") -> 1 | AI75: =IF($AC75<=AI$64,"1","0") -> 1
AB76: 12 | AC76: ='E-Class'!AF24 -> 0 | AD76: =IF(AC76<=AD$64,"1","0") -> 1 | AE76: =IF(AC76<=AE$64,"1","0") -> 1 | AF76: =IF($AC76<=AF$64,"1","0") -> 1 | AG76: =IF($AC76<=AG$64,"1","0") -> 1 | AH76: =IF($AC76<=AH$64,"1","0") -> 1 | AI76: =IF($AC76<=AI$64,"1","0") -> 1
AB77: 13 | AC77: ='E-Class'!AF25 -> 0 | AD77: =IF(AC77<=AD$64,"1","0") -> 1 | AE77: =IF(AC77<=AE$64,"1","0") -> 1 | AF77: =IF($AC77<=AF$64,"1","0") -> 1 | AG77: =IF($AC77<=AG$64,"1","0") -> 1 | AH77: =IF($AC77<=AH$64,"1","0") -> 1 | AI77: =IF($AC77<=AI$64,"1","0") -> 1
B78: LS: | C78: ='E-Class'!BA94 -> 1000 | E78: =C78 -> 1000 | G78: =E78 -> 1000 | I78: =G78 -> 1000 | K78: ='E-Class'!$AV$94*L81 -> 0 | M78: ='E-Class'!$AV$94*L81 -> 0 | O78: ='E-Class'!$AV$94*N81 -> 0 | Q78: ='E-Class'!$AV$94*P81 -> 0 | S78: HS: | AB78: 14 | AC78: ='E-Class'!AF26 -> 0 | AD78: =IF(AC78<=AD$64,"1","0") -> 1 | AE78: =IF(AC78<=AE$64,"1","0") -> 1 | AF78: =IF($AC78<=AF$64,"1","0") -> 1 | AG78: =IF($AC78<=AG$64,"1","0") -> 1 | AH78: =IF($AC78<=AH$64,"1","0") -> 1 | AI78: =IF($AC78<=AI$64,"1","0") -> 1
D79: σ3- | F79: σ2- | H79: σ1- | J79: μ | L79: σ1+ | N79: σ2+ | P79: σ3+ | AB79: 15 | AC79: ='E-Class'!AF27 -> 0 | AD79: =IF(AC79<=AD$64,"1","0") -> 1 | AE79: =IF(AC79<=AE$64,"1","0") -> 1 | AF79: =IF($AC79<=AF$64,"1","0") -> 1 | AG79: =IF($AC79<=AG$64,"1","0") -> 1 | AH79: =IF($AC79<=AH$64,"1","0") -> 1 | AI79: =IF($AC79<=AI$64,"1","0") -> 1
D80: =N68 -> 0 | F80: =O68 -> 0 | H80: =P68 -> 0 | J80: =Q68 -> 0 | L80: =R68 -> 0 | N80: =S68 -> 0 | P80: =T68 -> 0 | R80: =P80+Q66 -> 0 | AB80: 16 | AC80: ='E-Class'!AF28 -> 0 | AD80: =IF(AC80<=AD$64,"1","0") -> 1 | AE80: =IF(AC80<=AE$64,"1","0") -> 1 | AF80: =IF($AC80<=AF$64,"1","0") -> 1 | AG80: =IF($AC80<=AG$64,"1","0") -> 1 | AH80: =IF($AC80<=AH$64,"1","0") -> 1 | AI80: =IF($AC80<=AI$64,"1","0") -> 1
J81: 0.68 | L81: =COUNTIF(L80,"<40") -> 1 | N81: =COUNTIF(N80,"<40") -> 1 | P81: =COUNTIF(P80,"<40") -> 1 | R81: =COUNTIF(R80,"<40") -> 1 | AB81: 17 | AC81: ='E-Class'!AF29 -> 0 | AD81: =IF(AC81<=AD$64,"1","0") -> 1 | AE81: =IF(AC81<=AE$64,"1","0") -> 1 | AF81: =IF($AC81<=AF$64,"1","0") -> 1 | AG81: =IF($AC81<=AG$64,"1","0") -> 1 | AH81: =IF($AC81<=AH$64,"1","0") -> 1 | AI81: =IF($AC81<=AI$64,"1","0") -> 1
AB82: 18 | AC82: ='E-Class'!AF30 -> 0 | AD82: =IF(AC82<=AD$64,"1","0") -> 1 | AE82: =IF(AC82<=AE$64,"1","0") -> 1 | AF82: =IF($AC82<=AF$64,"1","0") -> 1 | AG82: =IF($AC82<=AG$64,"1","0") -> 1 | AH82: =IF($AC82<=AH$64,"1","0") -> 1 | AI82: =IF($AC82<=AI$64,"1","0") -> 1
J83: 0.95 | AB83: 19 | AC83: ='E-Class'!AF31 -> 0 | AD83: =IF(AC83<=AD$64,"1","0") -> 1 | AE83: =IF(AC83<=AE$64,"1","0") -> 1 | AF83: =IF($AC83<=AF$64,"1","0") -> 1 | AG83: =IF($AC83<=AG$64,"1","0") -> 1 | AH83: =IF($AC83<=AH$64,"1","0") -> 1 | AI83: =IF($AC83<=AI$64,"1","0") -> 1
AB84: 20 | AC84: ='E-Class'!AF32 -> 0 | AD84: =IF(AC84<=AD$64,"1","0") -> 1 | AE84: =IF(AC84<=AE$64,"1","0") -> 1 | AF84: =IF($AC84<=AF$64,"1","0") -> 1 | AG84: =IF($AC84<=AG$64,"1","0") -> 1 | AH84: =IF($AC84<=AH$64,"1","0") -> 1 | AI84: =IF($AC84<=AI$64,"1","0") -> 1
AB85: 21 | AC85: ='E-Class'!AF33 -> 0 | AD85: =IF(AC85<=AD$64,"1","0") -> 1 | AE85: =IF(AC85<=AE$64,"1","0") -> 1 | AF85: =IF($AC85<=AF$64,"1","0") -> 1 | AG85: =IF($AC85<=AG$64,"1","0") -> 1 | AH85: =IF($AC85<=AH$64,"1","0") -> 1 | AI85: =IF($AC85<=AI$64,"1","0") -> 1
J86: 0.99 | AB86: 22 | AC86: ='E-Class'!AF34 -> 0 | AD86: =IF(AC86<=AD$64,"1","0") -> 1 | AE86: =IF(AC86<=AE$64,"1","0") -> 1 | AF86: =IF($AC86<=AF$64,"1","0") -> 1 | AG86: =IF($AC86<=AG$64,"1","0") -> 1 | AH86: =IF($AC86<=AH$64,"1","0") -> 1 | AI86: =IF($AC86<=AI$64,"1","0") -> 1
AB87: 23 | AC87: ='E-Class'!AF35 -> 0 | AD87: =IF(AC87<=AD$64,"1","0") -> 1 | AE87: =IF(AC87<=AE$64,"1","0") -> 1 | AF87: =IF($AC87<=AF$64,"1","0") -> 1 | AG87: =IF($AC87<=AG$64,"1","0") -> 1 | AH87: =IF($AC87<=AH$64,"1","0") -> 1 | AI87: =IF($AC87<=AI$64,"1","0") -> 1
C88: Rule | E88: RANGE | J88: No. of Learners | M88: Percentage | AB88: 24 | AC88: ='E-Class'!AF36 -> 0 | AD88: =IF(AC88<=AD$64,"1","0") -> 1 | AE88: =IF(AC88<=AE$64,"1","0") -> 1 | AF88: =IF($AC88<=AF$64,"1","0") -> 1 | AG88: =IF($AC88<=AG$64,"1","0") -> 1 | AH88: =IF($AC88<=AH$64,"1","0") -> 1 | AI88: =IF($AC88<=AI$64,"1","0") -> 1
C89: 0.68 | E89: =P68 -> 0 | G89: ― | H89: =R68 -> 0 | J89: =SUM(AF145:AG145) -> 0 | M89: =IFERROR(ROUND(((J89/$P$11)*100),2),"0") -> 0 | AB89: 25 | AC89: ='E-Class'!AF37 -> 0 | AD89: =IF(AC89<=AD$64,"1","0") -> 1 | AE89: =IF(AC89<=AE$64,"1","0") -> 1 | AF89: =IF($AC89<=AF$64,"1","0") -> 1 | AG89: =IF($AC89<=AG$64,"1","0") -> 1 | AH89: =IF($AC89<=AH$64,"1","0") -> 1 | AI89: =IF($AC89<=AI$64,"1","0") -> 1
C90: 0.95 | E90: =O68 -> 0 | G90: ― | H90: =S68 -> 0 | J90: =SUM(AE145:AH145)-J89 -> -8 | M90: =IFERROR(ROUND(((J90/$P$11)*100),2),"0") -> -13.33 | AB90: 26 | AC90: ='E-Class'!AF38 -> 0 | AD90: =IF(AC90<=AD$64,"1","0") -> 1 | AE90: =IF(AC90<=AE$64,"1","0") -> 1 | AF90: =IF($AC90<=AF$64,"1","0") -> 1 | AG90: =IF($AC90<=AG$64,"1","0") -> 1 | AH90: =IF($AC90<=AH$64,"1","0") -> 1 | AI90: =IF($AC90<=AI$64,"1","0") -> 1
C91: 0.99 | E91: =N68 -> 0 | G91: ― | H91: =T68 -> 0 | J91: =SUM(AD145:AI145)-J89-J90 -> 68 | M91: =IFERROR(ROUND(((J91/$P$11)*100),2),"0") -> 113.33 | AB91: 27 | AC91: ='E-Class'!AF39 -> 0 | AD91: =IF(AC91<=AD$64,"1","0") -> 1 | AE91: =IF(AC91<=AE$64,"1","0") -> 1 | AF91: =IF($AC91<=AF$64,"1","0") -> 1 | AG91: =IF($AC91<=AG$64,"1","0") -> 1 | AH91: =IF($AC91<=AH$64,"1","0") -> 1 | AI91: =IF($AC91<=AI$64,"1","0") -> 1
AB92: 28 | AC92: ='E-Class'!AF40 -> 0 | AD92: =IF(AC92<=AD$64,"1","0") -> 1 | AE92: =IF(AC92<=AE$64,"1","0") -> 1 | AF92: =IF($AC92<=AF$64,"1","0") -> 1 | AG92: =IF($AC92<=AG$64,"1","0") -> 1 | AH92: =IF($AC92<=AH$64,"1","0") -> 1 | AI92: =IF($AC92<=AI$64,"1","0") -> 1
AB93: 29 | AC93: ='E-Class'!AF41 -> 0 | AD93: =IF(AC93<=AD$64,"1","0") -> 1 | AE93: =IF(AC93<=AE$64,"1","0") -> 1 | AF93: =IF($AC93<=AF$64,"1","0") -> 1 | AG93: =IF($AC93<=AG$64,"1","0") -> 1 | AH93: =IF($AC93<=AH$64,"1","0") -> 1 | AI93: =IF($AC93<=AI$64,"1","0") -> 1
B94: Proposed Intervention | AB94: 30 | AC94: ='E-Class'!AF42 -> 0 | AD94: =IF(AC94<=AD$64,"1","0") -> 1 | AE94: =IF(AC94<=AE$64,"1","0") -> 1 | AF94: =IF($AC94<=AF$64,"1","0") -> 1 | AG94: =IF($AC94<=AG$64,"1","0") -> 1 | AH94: =IF($AC94<=AH$64,"1","0") -> 1 | AI94: =IF($AC94<=AI$64,"1","0") -> 1
AB95: 31 | AC95: ='E-Class'!AF43 -> 0 | AD95: =IF(AC95<=AD$64,"1","0") -> 1 | AE95: =IF(AC95<=AE$64,"1","0") -> 1 | AF95: =IF($AC95<=AF$64,"1","0") -> 1 | AG95: =IF($AC95<=AG$64,"1","0") -> 1 | AH95: =IF($AC95<=AH$64,"1","0") -> 1 | AI95: =IF($AC95<=AI$64,"1","0") -> 1
AB96: 32 | AC96: ='E-Class'!AF44 -> 0 | AD96: =IF(AC96<=AD$64,"1","0") -> 1 | AE96: =IF(AC96<=AE$64,"1","0") -> 1 | AF96: =IF($AC96<=AF$64,"1","0") -> 1 | AG96: =IF($AC96<=AG$64,"1","0") -> 1 | AH96: =IF($AC96<=AH$64,"1","0") -> 1 | AI96: =IF($AC96<=AI$64,"1","0") -> 1
AB97: 33 | AC97: ='E-Class'!AF45 -> 0 | AD97: =IF(AC97<=AD$64,"1","0") -> 1 | AE97: =IF(AC97<=AE$64,"1","0") -> 1 | AF97: =IF($AC97<=AF$64,"1","0") -> 1 | AG97: =IF($AC97<=AG$64,"1","0") -> 1 | AH97: =IF($AC97<=AH$64,"1","0") -> 1 | AI97: =IF($AC97<=AI$64,"1","0") -> 1
AB98: 34 | AC98: ='E-Class'!AF46 -> 0 | AD98: =IF(AC98<=AD$64,"1","0") -> 1 | AE98: =IF(AC98<=AE$64,"1","0") -> 1 | AF98: =IF($AC98<=AF$64,"1","0") -> 1 | AG98: =IF($AC98<=AG$64,"1","0") -> 1 | AH98: =IF($AC98<=AH$64,"1","0") -> 1 | AI98: =IF($AC98<=AI$64,"1","0") -> 1
AB99: 35 | AC99: ='E-Class'!AF47 -> 0 | AD99: =IF(AC99<=AD$64,"1","0") -> 1 | AE99: =IF(AC99<=AE$64,"1","0") -> 1 | AF99: =IF($AC99<=AF$64,"1","0") -> 1 | AG99: =IF($AC99<=AG$64,"1","0") -> 1 | AH99: =IF($AC99<=AH$64,"1","0") -> 1 | AI99: =IF($AC99<=AI$64,"1","0") -> 1
AB100: 36 | AC100: ='E-Class'!AF48 -> 0 | AD100: =IF(AC100<=AD$64,"1","0") -> 1 | AE100: =IF(AC100<=AE$64,"1","0") -> 1 | AF100: =IF($AC100<=AF$64,"1","0") -> 1 | AG100: =IF($AC100<=AG$64,"1","0") -> 1 | AH100: =IF($AC100<=AH$64,"1","0") -> 1 | AI100: =IF($AC100<=AI$64,"1","0") -> 1
AB101: 37 | AC101: ='E-Class'!AF49 -> 0 | AD101: =IF(AC101<=AD$64,"1","0") -> 1 | AE101: =IF(AC101<=AE$64,"1","0") -> 1 | AF101: =IF($AC101<=AF$64,"1","0") -> 1 | AG101: =IF($AC101<=AG$64,"1","0") -> 1 | AH101: =IF($AC101<=AH$64,"1","0") -> 1 | AI101: =IF($AC101<=AI$64,"1","0") -> 1
AA102: 43 | AB102: 38 | AC102: ='E-Class'!AF50 -> 0 | AD102: =IF(AC102<=AD$64,"1","0") -> 1 | AE102: =IF($AB102<=AF$64,"1","0") -> 0 | AF102: =IF($AB102<=AG$64,"1","0") -> 0 | AG102: =IF($AB102<=AH$64,"1","0") -> 0 | AH102: =IF($AB102<=AI$64,"1","0") -> 0 | AI102: =IF($AC102<=AI$64,"1","0") -> 1
B103: Prepared by: | H103: Checked: | N103: Verified: | AA103: 44 | AB103: 39 | AC103: ='E-Class'!AF51 -> 0 | AD103: =IF(AC103<=AD$64,"1","0") -> 1 | AE103: =IF($AB103<=AF$64,"1","0") -> 0 | AF103: =IF($AB103<=AG$64,"1","0") -> 0 | AG103: =IF($AB103<=AH$64,"1","0") -> 0 | AH103: =IF($AB103<=AI$64,"1","0") -> 0 | AI103: =IF($AC103<=AI$64,"1","0") -> 1
AA104: 45 | AB104: 40 | AC104: ='E-Class'!AF52 -> 0 | AD104: =IF(AC104<=AD$64,"1","0") -> 1 | AE104: =IF($AB104<=AF$64,"1","0") -> 0 | AF104: =IF($AB104<=AG$64,"1","0") -> 0 | AG104: =IF($AB104<=AH$64,"1","0") -> 0 | AH104: =IF($AB104<=AI$64,"1","0") -> 0 | AI104: =IF($AC104<=AI$64,"1","0") -> 1
C105: =UPPER('Input Details'!K2) -> ENGR. PHILIP JAYSON L. LESTOJAS | I105: =UPPER('Input Details'!K4) -> JUNITH T. REYES | O105: =UPPER('Input Details'!K6) | AA105: 46 | AB105: 41 | AC105: ='E-Class'!AF53 -> 0 | AD105: =IF(AC105<=AD$64,"1","0") -> 1 | AE105: =IF($AB105<=AF$64,"1","0") -> 0 | AF105: =IF($AB105<=AG$64,"1","0") -> 0 | AG105: =IF($AB105<=AH$64,"1","0") -> 0 | AH105: =IF($AB105<=AI$64,"1","0") -> 0 | AI105: =IF($AC105<=AI$64,"1","0") -> 1
C106: ='Input Details'!K3 -> Special Science Teacher I | I106: ='Input Details'!K5 -> Master Teacher III | O106: ='Input Details'!K7 -> 0 | AA106: 47 | AB106: 42 | AC106: ='E-Class'!AF54 -> 0 | AD106: =IF(AC106<=AD$64,"1","0") -> 1 | AE106: =IF($AB106<=AF$64,"1","0") -> 0 | AF106: =IF($AB106<=AG$64,"1","0") -> 0 | AG106: =IF($AB106<=AH$64,"1","0") -> 0 | AH106: =IF($AB106<=AI$64,"1","0") -> 0 | AI106: =IF($AC106<=AI$64,"1","0") -> 1
AA107: 48 | AB107: 43 | AC107: ='E-Class'!AF55 -> 0 | AD107: =IF(AC107<=AD$64,"1","0") -> 1 | AE107: =IF($AB107<=AF$64,"1","0") -> 0 | AF107: =IF($AB107<=AG$64,"1","0") -> 0 | AG107: =IF($AB107<=AH$64,"1","0") -> 0 | AH107: =IF($AB107<=AI$64,"1","0") -> 0 | AI107: =IF($AC107<=AI$64,"1","0") -> 1
AA108: 49 | AB108: 44 | AC108: ='E-Class'!AF56 -> 0 | AD108: =IF(AC108<=AD$64,"1","0") -> 1 | AE108: =IF($AB108<=AF$64,"1","0") -> 0 | AF108: =IF($AB108<=AG$64,"1","0") -> 0 | AG108: =IF($AB108<=AH$64,"1","0") -> 0 | AH108: =IF($AB108<=AI$64,"1","0") -> 0 | AI108: =IF($AC108<=AI$64,"1","0") -> 1
F109: Verified: | AA109: 50 | AB109: 45 | AC109: ='E-Class'!AF57 -> 0 | AD109: =IF(AC109<=AD$64,"1","0") -> 1 | AE109: =IF($AB109<=AF$64,"1","0") -> 0 | AF109: =IF($AB109<=AG$64,"1","0") -> 0 | AG109: =IF($AB109<=AH$64,"1","0") -> 0 | AH109: =IF($AB109<=AI$64,"1","0") -> 0 | AI109: =IF($AC109<=AI$64,"1","0") -> 1
AB110: 46 | AC110: ='E-Class'!AF58 -> 0 | AD110: =IF(AC110<=AD$64,"1","0") -> 1 | AE110: =IF(AC110<=AE$64,"1","0") -> 1 | AF110: =IF($AC110<=AF$64,"1","0") -> 1 | AG110: =IF($AC110<=AG$64,"1","0") -> 1 | AH110: =IF($AC110<=AH$64,"1","0") -> 1 | AI110: =IF($AC110<=AI$64,"1","0") -> 1
H111: =UPPER('Input Details'!K8) -> ELIZABETH A. LACORTE, EDD | AB111: 47 | AC111: ='E-Class'!AF59 -> 0 | AD111: =IF(AC111<=AD$64,"1","0") -> 1 | AE111: =IF(AC111<=AE$64,"1","0") -> 1 | AF111: =IF($AC111<=AF$64,"1","0") -> 1 | AG111: =IF($AC111<=AG$64,"1","0") -> 1 | AH111: =IF($AC111<=AH$64,"1","0") -> 1 | AI111: =IF($AC111<=AI$64,"1","0") -> 1
H112: ='Input Details'!K9 -> Secondary School Principal IV | AB112: 48 | AC112: ='E-Class'!AF60 -> 0 | AD112: =IF(AC112<=AD$64,"1","0") -> 1 | AE112: =IF(AC112<=AE$64,"1","0") -> 1 | AF112: =IF($AC112<=AF$64,"1","0") -> 1 | AG112: =IF($AC112<=AG$64,"1","0") -> 1 | AH112: =IF($AC112<=AH$64,"1","0") -> 1 | AI112: =IF($AC112<=AI$64,"1","0") -> 1
AB113: 49 | AC113: ='E-Class'!AF61 -> 0 | AD113: =IF(AC113<=AD$64,"1","0") -> 1 | AE113: =IF(AC113<=AE$64,"1","0") -> 1 | AF113: =IF($AC113<=AF$64,"1","0") -> 1 | AG113: =IF($AC113<=AG$64,"1","0") -> 1 | AH113: =IF($AC113<=AH$64,"1","0") -> 1 | AI113: =IF($AC113<=AI$64,"1","0") -> 1
AB114: 50 | AC114: ='E-Class'!AF62 -> 0 | AD114: =IF(AC114<=AD$64,"1","0") -> 1 | AE114: =IF(AC114<=AE$64,"1","0") -> 1 | AF114: =IF($AC114<=AF$64,"1","0") -> 1 | AG114: =IF($AC114<=AG$64,"1","0") -> 1 | AH114: =IF($AC114<=AH$64,"1","0") -> 1 | AI114: =IF($AC114<=AI$64,"1","0") -> 1
AB115: 51 | AC115: ='E-Class'!AF63 -> 0 | AD115: =IF(AC115<=AD$64,"1","0") -> 1 | AE115: =IF(AC115<=AE$64,"1","0") -> 1 | AF115: =IF($AC115<=AF$64,"1","0") -> 1 | AG115: =IF($AC115<=AG$64,"1","0") -> 1 | AH115: =IF($AC115<=AH$64,"1","0") -> 1 | AI115: =IF($AC115<=AI$64,"1","0") -> 1
B116: ='Input Details'!O2 -> #VALUE! | C116: ='Input Details'!O5 -> #VALUE! | D116: ='Input Details'!O8 -> #VALUE! | E116: ='Input Details'!O11 -> #VALUE! | G116: SchooL | I116: ='Input Details'!C4 -> Nieves Villarica National High School | AB116: 52 | AC116: ='E-Class'!AF64 -> 0 | AD116: =IF(AC116<=AD$64,"1","0") -> 1 | AE116: =IF(AC116<=AE$64,"1","0") -> 1 | AF116: =IF($AC116<=AF$64,"1","0") -> 1 | AG116: =IF($AC116<=AG$64,"1","0") -> 1 | AH116: =IF($AC116<=AH$64,"1","0") -> 1 | AI116: =IF($AC116<=AI$64,"1","0") -> 1
G117: Address: | I117: ='Input Details'!C7 -> Villarica, Babak, IGaCoS | AB117: 53 | AC117: ='E-Class'!AF65 -> 0 | AD117: =IF(AC117<=AD$64,"1","0") -> 1 | AE117: =IF(AC117<=AE$64,"1","0") -> 1 | AF117: =IF($AC117<=AF$64,"1","0") -> 1 | AG117: =IF($AC117<=AG$64,"1","0") -> 1 | AH117: =IF($AC117<=AH$64,"1","0") -> 1 | AI117: =IF($AC117<=AI$64,"1","0") -> 1
G118: Emailad: | I118: ='Input Details'!C9 -> 0 | AB118: 54 | AC118: ='E-Class'!AF66 -> 0 | AD118: =IF(AC118<=AD$64,"1","0") -> 1 | AE118: =IF(AC118<=AE$64,"1","0") -> 1 | AF118: =IF($AC118<=AF$64,"1","0") -> 1 | AG118: =IF($AC118<=AG$64,"1","0") -> 1 | AH118: =IF($AC118<=AH$64,"1","0") -> 1 | AI118: =IF($AC118<=AI$64,"1","0") -> 1
...

Sheet Reference
A4: 0 | B4: 60
A5: =A4+0.01 -> 0.01 | B5: 60
A6: =A5+0.01 -> 0.02 | B6: 60
A7: =A6+0.01 -> 0.03 | B7: 60
A8: =A7+0.01 -> 0.04 | B8: 60
A9: =A8+0.01 -> 0.05 | B9: 60
A10: =A9+0.01 -> 0.06 | B10: 60
A11: =A10+0.01 -> 0.07 | B11: 60
A12: =A11+0.01 -> 0.08 | B12: 60
A13: =A12+0.01 -> 0.09 | B13: 60
A14: =A13+0.01 -> 0.1 | B14: 60
A15: =A14+0.01 -> 0.11 | B15: 60
A16: =A15+0.01 -> 0.12 | B16: 60
... A10621: =A10620+0.01 -> 106.17 | B10621: 100
A10622: =A10621+0.01 -> 106.18
A10623: =A10622+0.01 -> 106.19
A10624: =A10623+0.01 -> 106.2
A10625: =A10624+0.01 -> 106.21
A10626: =A10625+0.01 -> 106.22
A10627: =A10626+0.01 -> 106.23
A10628: =A10627+0.01 -> 106.24
A10629: =A10628+0.01 -> 106.25
A10630: =A10629+0.01 -> 106.26
A10631: =A10630+0.01 -> 106.27
A10632: =A10631+0.01 -> 106.28
A10633: =A10632+0.01 -> 106.29
... A15065: =A15064+0.01 -> 150.61
