Workbook

Sheet Instruction
A3: How to use this e class record
A5: 1 | B5: Complete first the needed Detais in "Input Data Sheet"
A6: 2 | B6: Do not edit colored cells
A7: 3 | B7: Encode the Names of learners alphabetically by Sex
A8: 4 | B8: Encode the scores of learners in appropriate cells based on the componets
A9: 5 | B9: Do not forget to encode the highet possible scosre per item in approiate row in male section only
A10: 6 | B10: The percentage per component will be automaticaly copied from what you encoded in "Input Details Sheet"
A11: 7 | B11: After encoding all needed data go to "Result Sheet" then provide interpretaion and proosed Intervention
A12: 8 | B12: Print the result and submit to your subject coordinator for checking
A13: 9 | B13: From No. 8, submit to your school testing coordinator for verification
A14: 10 | B14: From No. 9, submit to your school head for approval

Sheet Input Details
A1: SCHOOL INFORMATION
A2: Region | C2: XI | G2: Prepared by: | K2: ENGR. PHILIP JAYSON L. LESTOJAS | N2: DepEd Logo | O2: #VALUE!
A3: Division: | C3: Island Garden City of Samal | G3: Designation: | K3: Special Science Teacher I | P3: ←Insert Here your DepEd Logo
A4: School: | C4: Nieves Villarica National High School | G4: Checked: | K4: JUNITH T. REYES
A5: School ID: | C5: 323403 | G5: Designation: | K5: Master Teacher III | N5: Regional Logo | O5: #VALUE!
A6: District: | C6: Babak | G6: Verified: | P6: ←Insert Here your Regional Logo
A7: School Address: | C7: Villarica, Babak, IGaCoS | G7: Designation:
A8: Sch. Contact Number: | G8: Approved: | K8: ELIZABETH A. LACORTE, EdD | N8: Division Logo | O8: #VALUE!
A9: School Email Address | G9: Designation: | K9: Secondary School Principal IV | P9: ←Insert Here your Division Logo
A10: Term | C10: First | G10: ASSESSMENT COMPONENT
A11: School Year: | C11: 2026-2027 | G11: Component | K11: =C12 | N11: School Logo: | O11: #VALUE!
A12: Subject: | C12: Research 1 | G12: Written/Oral Work | K12: 0.2 | P12: ←Insert Here your School Logo
A13: Grade Level | C13: 12 | G13: Performance Task | K13: 0.5
A14: Section: | C14: TESLA | G14: Summative Test & Term Examination | K14: 0.3
A15: Male | C15: 28 | G15: Note: Refer to the Table below for the percentage per component in every Subject
A16: Female | C16: 32
A17: Total: | C17: =SUM(C15:F16)
A18: GRADING SYSTEM OF KEY STAGE 2 TO 3
A19: Learning Area | G19: Written/Oral work | I19: Performance Task | K19: Summative Test & Term Examination
A20: English, Filipino, Mathematics, Science , Araling Panlipunan, GMRC/Values Education | G20: 0.2 | I20: 0.5 | K20: 0.3
A21: EPP/TLE, MAPEH | G21: 0.2 | I21: 0.6 | K21: 0.2
A22: GRADING SYSTEM OF KEY STAGE 4
A23: Learning Area | G23: Written/Oral work | I23: Performance Task | K23: Summative Test & Term Examination
A24: SHS Core Subjects, Other SHS Academic Electives | G24: 0.2 | I24: 0.5 | K24: 0.3
A25: SHS Field Exposure, Arts Apprenticeship, Creative production and Innovation | G25: 0.15 | I25: 0.7 | K25: 0.15
A26: SHS, Arts Sports, and Health and wellness Electives | G26: 0.2 | I26: 0.6 | K26: 0.2
A27: SHS Research Electives and Design and Innovation | G27: 0.4 | I27: 0.6
A28: SHS TechPro Electives | G28: 0.15 | I28: 0.65 | K28: 0.2
A29: SHS Work Immersion | G29: 0.2 | I29: 0.8
A31: Instruction:

Sheet E-Class
A1: ELECTRONIC CLASS RECORD
A3: Region: | C3: ='Input Details'!C2 | F3: School: | I3: ='Input Details'!C4
A4: Division: | C4: ='Input Details'!C3 | F4: School ID: | I4: ='Input Details'!C5
A5: District: | C5: ='Input Details'!C6 | F5: Grade & Section: | I5: =CONCATENATE('Input Details'!C13," - ",'Input Details'!C14)
A6: Term: | C6: ='Input Details'!C10 | F6: Subject: | I6: ='Input Details'!C12
A7: School Year: | C7: ='Input Details'!C11 | F7: Teacher: | I7: ='Input Details'!K2
A8: Male: | C8: ='Input Details'!C15 | F8: Female: | I8: ='Input Details'!C16
A9: LEARNER'S NAME | E9: Written / Oral Works | T9: Performance Tasks | AI9: Examinations | AT9: Initial Grade | AU9: Final Grade | AV9: Descriptive | AW9: Remarks
AI10: Summative Test (60%) | AN10: Term Examination (40%)
A11: No. | B11: Family | C11: First Name | D11: M.I. | E11: 1 | F11: 2 | G11: 3 | H11: 4 | I11: 5 | J11: 6 | K11: 7 | L11: 8 | M11: 9 | N11: 10 | O11: 11 | P11: 12 | Q11: T | R11: PS | S11: WS | T11: 1 | U11: 2 | V11: 3 | W11: 4 | X11: 5 | Y11: 6 | Z11: 7 | AA11: 8 | AB11: 9 | AC11: 10 | AD11: 11 | AE11: 12 | AF11: T | AG11: PS | AH11: WS | AI11: 1 | AJ11: 2 | AK11: T | AL11: PS (ST) | AM11: WS (ST) | AN11: 1 | AO11: T | AP11: PS (TE) | AQ11: TE | AR11: PS (ST & TE) | AS11: WS (ST & TE)
Q12: =SUM(E12:P12) | R12: 100 | S12: 0.2 | AF12: =SUM(T12:AE12) | AG12: 100 | AH12: 0.5 | AK12: =SUM(AI12:AJ12) | AL12: 100 | AM12: 0.6 | AO12: =SUM(AN12:AN12) | AQ12: 0.4 | AS12: ='Input Details'!K14
A13: 1 | Q13: =SUM(E13:P13) | R13: =IFERROR(ROUND((Q13/$Q$12)*100,2),"0") | S13: =IFERROR(ROUND((R13*$S$12),2),"0") | AF13: =SUM(T13:AE13) | AG13: =IFERROR(ROUND((AF13/$AF$12)*100,2),"0") | AH13: =IFERROR(ROUND((AG13*$AH$12),2),"0") | AK13: =SUM(AI13:AJ13) | AL13: =IFERROR(ROUND((AK13/$AK$12)*100,2),"0") | AM13: =IFERROR(ROUND((AL13*$AM$12),2),"0") | AO13: =SUM(AN13:AN13) | AP13: =IFERROR(ROUND((AO13/$AO$12)*100,2),"0") | AQ13: =IFERROR(ROUND((AP13*$AQ$12),2),"0") | AR13: =AM13+AQ13 | AS13: =IFERROR(ROUND((AR13*$AS$12),2),"0") | AT13: =S13+AH13+AS13 | AU13: =IFERROR(VLOOKUP(AT13,Reference!$A$4:$C$15065,2)," ") | AV13: =IFERROR(VLOOKUP($AU13,$D$206:$J$307,2),"0") | AW13: =IFERROR(VLOOKUP($AU13,$D$206:$J$307,5),"0")
A14: 2 | Q14: =SUM(E14:P14) | R14: =IFERROR(ROUND((Q14/$Q$12)*100,2),"0") | S14: =IFERROR(ROUND((R14*$S$12),2),"0") | AF14: =SUM(T14:AE14) | AG14: =IFERROR(ROUND((AF14/$AF$12)*100,2),"0") | AH14: =IFERROR(ROUND((AG14*$AH$12),2),"0") | AK14: =SUM(AI14:AJ14) | AL14: =IFERROR(ROUND((AK14/$AK$12)*100,2),"0") | AM14: =IFERROR(ROUND((AL14*$AM$12),2),"0") | AO14: =SUM(AN14:AN14) | AP14: =IFERROR(ROUND((AO14/$AO$12)*100,2),"0") | AQ14: =IFERROR(ROUND((AP14*$AQ$12),2),"0") | AR14: =AM14+AQ14 | AS14: =IFERROR(ROUND((AR14*$AS$12),2),"0") | AT14: =S14+AH14+AS14 | AU14: =IFERROR(VLOOKUP(AT14,Reference!$A$4:$C$15065,2)," ") | AV14: =IFERROR(VLOOKUP($AU14,$D$206:$J$307,2),"0") | AW14: =IFERROR(VLOOKUP($AU14,$D$206:$J$307,5),"0")
A15: 3 | Q15: =SUM(E15:P15) | R15: =IFERROR(ROUND((Q15/$Q$12)*100,2),"0") | S15: =IFERROR(ROUND((R15*$S$12),2),"0") | AF15: =SUM(T15:AE15) | AG15: =IFERROR(ROUND((AF15/$AF$12)*100,2),"0") | AH15: =IFERROR(ROUND((AG15*$AH$12),2),"0") | AK15: =SUM(AI15:AJ15) | AL15: =IFERROR(ROUND((AK15/$AK$12)*100,2),"0") | AM15: =IFERROR(ROUND((AL15*$AM$12),2),"0") | AO15: =SUM(AN15:AN15) | AP15: =IFERROR(ROUND((AO15/$AO$12)*100,2),"0") | AQ15: =IFERROR(ROUND((AP15*$AQ$12),2),"0") | AR15: =AM15+AQ15 | AS15: =IFERROR(ROUND((AR15*$AS$12),2),"0") | AT15: =S15+AH15+AS15 | AU15: =IFERROR(VLOOKUP(AT15,Reference!$A$4:$C$15065,2)," ") | AV15: =IFERROR(VLOOKUP($AU15,$D$206:$J$307,2),"0") | AW15: =IFERROR(VLOOKUP($AU15,$D$206:$J$307,5),"0")
A16: 4 | Q16: =SUM(E16:P16) | R16: =IFERROR(ROUND((Q16/$Q$12)*100,2),"0") | S16: =IFERROR(ROUND((R16*$S$12),2),"0") | AF16: =SUM(T16:AE16) | AG16: =IFERROR(ROUND((AF16/$AF$12)*100,2),"0") | AH16: =IFERROR(ROUND((AG16*$AH$12),2),"0") | AK16: =SUM(AI16:AJ16) | AL16: =IFERROR(ROUND((AK16/$AK$12)*100,2),"0") | AM16: =IFERROR(ROUND((AL16*$AM$12),2),"0") | AO16: =SUM(AN16:AN16) | AP16: =IFERROR(ROUND((AO16/$AO$12)*100,2),"0") | AQ16: =IFERROR(ROUND((AP16*$AQ$12),2),"0") | AR16: =AM16+AQ16 | AS16: =IFERROR(ROUND((AR16*$AS$12),2),"0") | AT16: =S16+AH16+AS16 | AU16: =IFERROR(VLOOKUP(AT16,Reference!$A$4:$C$15065,2)," ") | AV16: =IFERROR(VLOOKUP($AU16,$D$206:$J$307,2),"0") | AW16: =IFERROR(VLOOKUP($AU16,$D$206:$J$307,5),"0")
A17: 5 | Q17: =SUM(E17:P17) | R17: =IFERROR(ROUND((Q17/$Q$12)*100,2),"0") | S17: =IFERROR(ROUND((R17*$S$12),2),"0") | AF17: =SUM(T17:AE17) | AG17: =IFERROR(ROUND((AF17/$AF$12)*100,2),"0") | AH17: =IFERROR(ROUND((AG17*$AH$12),2),"0") | AK17: =SUM(AI17:AJ17) | AL17: =IFERROR(ROUND((AK17/$AK$12)*100,2),"0") | AM17: =IFERROR(ROUND((AL17*$AM$12),2),"0") | AO17: =SUM(AN17:AN17) | AP17: =IFERROR(ROUND((AO17/$AO$12)*100,2),"0") | AQ17: =IFERROR(ROUND((AP17*$AQ$12),2),"0") | AR17: =AM17+AQ17 | AS17: =IFERROR(ROUND((AR17*$AS$12),2),"0") | AT17: =S17+AH17+AS17 | AU17: =IFERROR(VLOOKUP(AT17,Reference!$A$4:$C$15065,2)," ") | AV17: =IFERROR(VLOOKUP($AU17,$D$206:$J$307,2),"0") | AW17: =IFERROR(VLOOKUP($AU17,$D$206:$J$307,5),"0")
A18: 6 | Q18: =SUM(E18:P18) | R18: =IFERROR(ROUND((Q18/$Q$12)*100,2),"0") | S18: =IFERROR(ROUND((R18*$S$12),2),"0") | AF18: =SUM(T18:AE18) | AG18: =IFERROR(ROUND((AF18/$AF$12)*100,2),"0") | AH18: =IFERROR(ROUND((AG18*$AH$12),2),"0") | AK18: =SUM(AI18:AJ18) | AL18: =IFERROR(ROUND((AK18/$AK$12)*100,2),"0") | AM18: =IFERROR(ROUND((AL18*$AM$12),2),"0") | AO18: =SUM(AN18:AN18) | AP18: =IFERROR(ROUND((AO18/$AO$12)*100,2),"0") | AQ18: =IFERROR(ROUND((AP18*$AQ$12),2),"0") | AR18: =AM18+AQ18 | AS18: =IFERROR(ROUND((AR18*$AS$12),2),"0") | AT18: =S18+AH18+AS18 | AU18: =IFERROR(VLOOKUP(AT18,Reference!$A$4:$C$15065,2)," ") | AV18: =IFERROR(VLOOKUP($AU18,$D$206:$J$307,2),"0") | AW18: =IFERROR(VLOOKUP($AU18,$D$206:$J$307,5),"0")
A19: 7 | Q19: =SUM(E19:P19) | R19: =IFERROR(ROUND((Q19/$Q$12)*100,2),"0") | S19: =IFERROR(ROUND((R19*$S$12),2),"0") | AF19: =SUM(T19:AE19) | AG19: =IFERROR(ROUND((AF19/$AF$12)*100,2),"0") | AH19: =IFERROR(ROUND((AG19*$AH$12),2),"0") | AK19: =SUM(AI19:AJ19) | AL19: =IFERROR(ROUND((AK19/$AK$12)*100,2),"0") | AM19: =IFERROR(ROUND((AL19*$AM$12),2),"0") | AO19: =SUM(AN19:AN19) | AP19: =IFERROR(ROUND((AO19/$AO$12)*100,2),"0") | AQ19: =IFERROR(ROUND((AP19*$AQ$12),2),"0") | AR19: =AM19+AQ19 | AS19: =IFERROR(ROUND((AR19*$AS$12),2),"0") | AT19: =S19+AH19+AS19 | AU19: =IFERROR(VLOOKUP(AT19,Reference!$A$4:$C$15065,2)," ") | AV19: =IFERROR(VLOOKUP($AU19,$D$206:$J$307,2),"0") | AW19: =IFERROR(VLOOKUP($AU19,$D$206:$J$307,5),"0")
A20: 8 | Q20: =SUM(E20:P20) | R20: =IFERROR(ROUND((Q20/$Q$12)*100,2),"0") | S20: =IFERROR(ROUND((R20*$S$12),2),"0") | AF20: =SUM(T20:AE20) | AG20: =IFERROR(ROUND((AF20/$AF$12)*100,2),"0") | AH20: =IFERROR(ROUND((AG20*$AH$12),2),"0") | AK20: =SUM(AI20:AJ20) | AL20: =IFERROR(ROUND((AK20/$AK$12)*100,2),"0") | AM20: =IFERROR(ROUND((AL20*$AM$12),2),"0") | AO20: =SUM(AN20:AN20) | AP20: =IFERROR(ROUND((AO20/$AO$12)*100,2),"0") | AQ20: =IFERROR(ROUND((AP20*$AQ$12),2),"0") | AR20: =AM20+AQ20 | AS20: =IFERROR(ROUND((AR20*$AS$12),2),"0") | AT20: =S20+AH20+AS20 | AU20: =IFERROR(VLOOKUP(AT20,Reference!$A$4:$C$15065,2)," ") | AV20: =IFERROR(VLOOKUP($AU20,$D$206:$J$307,2),"0") | AW20: =IFERROR(VLOOKUP($AU20,$D$206:$J$307,5),"0")
A21: 9 | Q21: =SUM(E21:P21) | R21: =IFERROR(ROUND((Q21/$Q$12)*100,2),"0") | S21: =IFERROR(ROUND((R21*$S$12),2),"0") | AF21: =SUM(T21:AE21) | AG21: =IFERROR(ROUND((AF21/$AF$12)*100,2),"0") | AH21: =IFERROR(ROUND((AG21*$AH$12),2),"0") | AK21: =SUM(AI21:AJ21) | AL21: =IFERROR(ROUND((AK21/$AK$12)*100,2),"0") | AM21: =IFERROR(ROUND((AL21*$AM$12),2),"0") | AO21: =SUM(AN21:AN21) | AP21: =IFERROR(ROUND((AO21/$AO$12)*100,2),"0") | AQ21: =IFERROR(ROUND((AP21*$AQ$12),2),"0") | AR21: =AM21+AQ21 | AS21: =IFERROR(ROUND((AR21*$AS$12),2),"0") | AT21: =S21+AH21+AS21 | AU21: =IFERROR(VLOOKUP(AT21,Reference!$A$4:$C$15065,2)," ") | AV21: =IFERROR(VLOOKUP($AU21,$D$206:$J$307,2),"0") | AW21: =IFERROR(VLOOKUP($AU21,$D$206:$J$307,5),"0")
A22: 10 | Q22: =SUM(E22:P22) | R22: =IFERROR(ROUND((Q22/$Q$12)*100,2),"0") | S22: =IFERROR(ROUND((R22*$S$12),2),"0") | AF22: =SUM(T22:AE22) | AG22: =IFERROR(ROUND((AF22/$AF$12)*100,2),"0") | AH22: =IFERROR(ROUND((AG22*$AH$12),2),"0") | AK22: =SUM(AI22:AJ22) | AL22: =IFERROR(ROUND((AK22/$AK$12)*100,2),"0") | AM22: =IFERROR(ROUND((AL22*$AM$12),2),"0") | AO22: =SUM(AN22:AN22) | AP22: =IFERROR(ROUND((AO22/$AO$12)*100,2),"0") | AQ22: =IFERROR(ROUND((AP22*$AQ$12),2),"0") | AR22: =AM22+AQ22 | AS22: =IFERROR(ROUND((AR22*$AS$12),2),"0") | AT22: =S22+AH22+AS22 | AU22: =IFERROR(VLOOKUP(AT22,Reference!$A$4:$C$15065,2)," ") | AV22: =IFERROR(VLOOKUP($AU22,$D$206:$J$307,2),"0") | AW22: =IFERROR(VLOOKUP($AU22,$D$206:$J$307,5),"0")
A23: 11 | Q23: =SUM(E23:P23) | R23: =IFERROR(ROUND((Q23/$Q$12)*100,2),"0") | S23: =IFERROR(ROUND((R23*$S$12),2),"0") | AF23: =SUM(T23:AE23) | AG23: =IFERROR(ROUND((AF23/$AF$12)*100,2),"0") | AH23: =IFERROR(ROUND((AG23*$AH$12),2),"0") | AK23: =SUM(AI23:AJ23) | AL23: =IFERROR(ROUND((AK23/$AK$12)*100,2),"0") | AM23: =IFERROR(ROUND((AL23*$AM$12),2),"0") | AO23: =SUM(AN23:AN23) | AP23: =IFERROR(ROUND((AO23/$AO$12)*100,2),"0") | AQ23: =IFERROR(ROUND((AP23*$AQ$12),2),"0") | AR23: =AM23+AQ23 | AS23: =IFERROR(ROUND((AR23*$AS$12),2),"0") | AT23: =S23+AH23+AS23 | AU23: =IFERROR(VLOOKUP(AT23,Reference!$A$4:$C$15065,2)," ") | AV23: =IFERROR(VLOOKUP($AU23,$D$206:$J$307,2),"0") | AW23: =IFERROR(VLOOKUP($AU23,$D$206:$J$307,5),"0")
A24: 12 | Q24: =SUM(E24:P24) | R24: =IFERROR(ROUND((Q24/$Q$12)*100,2),"0") | S24: =IFERROR(ROUND((R24*$S$12),2),"0") | AF24: =SUM(T24:AE24) | AG24: =IFERROR(ROUND((AF24/$AF$12)*100,2),"0") | AH24: =IFERROR(ROUND((AG24*$AH$12),2),"0") | AK24: =SUM(AI24:AJ24) | AL24: =IFERROR(ROUND((AK24/$AK$12)*100,2),"0") | AM24: =IFERROR(ROUND((AL24*$AM$12),2),"0") | AO24: =SUM(AN24:AN24) | AP24: =IFERROR(ROUND((AO24/$AO$12)*100,2),"0") | AQ24: =IFERROR(ROUND((AP24*$AQ$12),2),"0") | AR24: =AM24+AQ24 | AS24: =IFERROR(ROUND((AR24*$AS$12),2),"0") | AT24: =S24+AH24+AS24 | AU24: =IFERROR(VLOOKUP(AT24,Reference!$A$4:$C$15065,2)," ") | AV24: =IFERROR(VLOOKUP($AU24,$D$206:$J$307,2),"0") | AW24: =IFERROR(VLOOKUP($AU24,$D$206:$J$307,5),"0")
... A92: 80 | Q92: =SUM(E92:P92) | R92: =IFERROR(ROUND((Q92/$Q$12)*100,2),"0") | S92: =IFERROR(ROUND((R92*$S$12),2),"0") | AF92: =SUM(T92:AE92) | AG92: =IFERROR(ROUND((AF92/$AF$12)*100,2),"0") | AH92: =IFERROR(ROUND((AG92*$AH$12),2),"0") | AK92: =SUM(AI92:AJ92) | AL92: =IFERROR(ROUND((AK92/$AK$12)*100,2),"0") | AM92: =IFERROR(ROUND((AL92*$AM$12),2),"0") | AO92: =SUM(AN92:AN92) | AP92: =IFERROR(ROUND((AO92/$AO$12)*100,2),"0") | AQ92: =IFERROR(ROUND((AP92*$AQ$12),2),"0") | AR92: =AM92+AQ92 | AS92: =IFERROR(ROUND((AR92*$AS$12),2),"0") | AT92: =S92+AH92+AS92 | AU92: =IFERROR(VLOOKUP(AT92,Reference!$A$4:$C$15065,2)," ") | AV92: =IFERROR(VLOOKUP($AU92,$D$206:$J$307,2),"0") | AW92: =IFERROR(VLOOKUP($AU92,$D$206:$J$307,5),"0")
A207: 1 | B207: Not Proficient | D207: 1 | E207: Emerging | H207: Failed
A208: 2 | B208: Not Proficient | D208: 2 | E208: Emerging | H208: Failed
A209: 3 | B209: Not Proficient | D209: 3 | E209: Emerging | H209: Failed
A210: 4 | B210: Not Proficient | D210: 4 | E210: Emerging | H210: Failed
A211: 5 | B211: Not Proficient | D211: 5 | E211: Emerging | H211: Failed
A212: 6 | B212: Not Proficient | D212: 6 | E212: Emerging | H212: Failed
A213: 7 | B213: Not Proficient | D213: 7 | E213: Emerging | H213: Failed
A214: 8 | B214: Not Proficient | D214: 8 | E214: Emerging | H214: Failed
A215: 9 | B215: Not Proficient | D215: 9 | E215: Emerging | H215: Failed
A216: 10 | B216: Not Proficient | D216: 10 | E216: Emerging | H216: Failed
A217: 11 | B217: Not Proficient | D217: 11 | E217: Emerging | H217: Failed
A218: 12 | B218: Not Proficient | D218: 12 | E218: Emerging | H218: Failed
... A306: 100 | B306: Highly Proficient | D306: 100 | E306: Advancing | H306: Passed
A307: 101 | B307: Highly Proficient
A308: 102 | B308: Highly Proficient

Sheet Reference
A4: 0 | B4: 60
A5: =A4+0.01 | B5: 60
A6: =A5+0.01 | B6: 60
A7: =A6+0.01 | B7: 60
A8: =A7+0.01 | B8: 60
A9: =A8+0.01 | B9: 60
A10: =A9+0.01 | B10: 60
A11: =A10+0.01 | B11: 60
A12: =A11+0.01 | B12: 60
A13: =A12+0.01 | B13: 60
A14: =A13+0.01 | B14: 60
A15: =A14+0.01 | B15: 60
A16: =A15+0.01 | B16: 60
... A10621: =A10620+0.01 | B10621: 100
A10622: =A10621+0.01
A10623: =A10622+0.01
A10624: =A10623+0.01
A10625: =A10624+0.01
A10626: =A10625+0.01
A10627: =A10626+0.01
A10628: =A10627+0.01
A10629: =A10628+0.01
A10630: =A10629+0.01
A10631: =A10630+0.01
A10632: =A10631+0.01
A10633: =A10632+0.01
... A15065: =A15064+0.01

Sheet Consolidated
A1: ELECTRONIC CLASS RECORD - CONSOLIDATED
A3: Region: | C3: ='Input Details'!C2 | F3: School: | I3: ='Input Details'!C4
A4: Division: | C4: ='Input Details'!C3 | F4: School ID: | I4: ='Input Details'!C5
A5: District: | C5: ='Input Details'!C6 | F5: Grade & Section: | I5: =CONCATENATE('Input Details'!C13," - ",'Input Details'!C14)
A6: Term: | C6: ='Input Details'!C10 | F6: Subject: | I6: ='Input Details'!C12
A7: School Year: | C7: ='Input Details'!C11 | F7: Teacher: | I7: ='Input Details'!K2
A8: Male: | C8: ='Input Details'!C15 | F8: Female: | I8: ='Input Details'!C16
A9: LEARNER'S NAME | E9: Written / Oral Works | N9: Performance Tasks | W9: Examinations | AH9: Initial Grade | AI9: Final Grade | AJ9: Descriptive | AK9: Remarks
W10: Summative Test (60%) | AB10: Term Examination (40%)
A11: No. | B11: Family | C11: First Name | D11: M.I. | E11: 1 | F11: 2 | G11: 3 | H11: 4 | I11: 5 | J11: 6 | K11: T | L11: PS | M11: WS | N11: 1 | O11: 2 | P11: 3 | Q11: 4 | R11: 5 | S11: 6 | T11: T | U11: PS | V11: WS | W11: 1 | X11: 2 | Y11: T | Z11: PS (ST) | AA11: WS (ST) | AB11: 1 | AC11: T | AD11: PS (TE) | AE11: TE | AF11: PS (ST & TE) | AG11: WS (ST & TE)
E12: ='E-Class'!E12+'E-Class'!F12 | F12: ='E-Class'!G12+'E-Class'!H12 | G12: ='E-Class'!I12+'E-Class'!J12 | H12: ='E-Class'!K12+'E-Class'!L12 | I12: ='E-Class'!M12+'E-Class'!N12 | J12: ='E-Class'!O12+'E-Class'!P12 | K12: =SUM(E12:J12) | L12: 100 | M12: 0.2 | N12: ='E-Class'!T12+'E-Class'!U12 | O12: ='E-Class'!V12+'E-Class'!W12 | P12: ='E-Class'!X12+'E-Class'!Y12 | Q12: ='E-Class'!Z12+'E-Class'!AA12 | R12: ='E-Class'!AB12+'E-Class'!AC12 | S12: ='E-Class'!AD12+'E-Class'!AE12 | T12: =SUM(N12:S12) | U12: 100 | V12: 0.5 | W12: ='E-Class'!AI12 | X12: ='E-Class'!AJ12 | Y12: =SUM(W12:X12) | Z12: 100 | AA12: 0.6 | AB12: ='E-Class'!AN12 | AC12: =SUM(AB12:AB12) | AE12: 0.4 | AG12: ='Input Details'!K14
A13: ='E-Class'!A13 | B13: ='E-Class'!B13 | C13: ='E-Class'!C13 | D13: ='E-Class'!D13 | E13: ='E-Class'!E13+'E-Class'!F13 | F13: ='E-Class'!G13+'E-Class'!H13 | G13: ='E-Class'!I13+'E-Class'!J13 | H13: ='E-Class'!K13+'E-Class'!L13 | I13: ='E-Class'!M13+'E-Class'!N13 | J13: ='E-Class'!O13+'E-Class'!P13 | K13: =SUM(E13:J13) | L13: =IFERROR(ROUND((K13/$K$12)*100,2),"0") | M13: =IFERROR(ROUND((L13*$M$12),2),"0") | N13: ='E-Class'!T13+'E-Class'!U13 | O13: ='E-Class'!V13+'E-Class'!W13 | P13: ='E-Class'!X13+'E-Class'!Y13 | Q13: ='E-Class'!Z13+'E-Class'!AA13 | R13: ='E-Class'!AB13+'E-Class'!AC13 | S13: ='E-Class'!AD13+'E-Class'!AE13 | T13: =SUM(N13:S13) | U13: =IFERROR(ROUND((T13/$T$12)*100,2),"0") | V13: =IFERROR(ROUND((U13*$V$12),2),"0") | W13: ='E-Class'!AI13 | X13: ='E-Class'!AJ13 | Y13: =SUM(W13:X13) | Z13: =IFERROR(ROUND((Y13/$Y$12)*100,2),"0") | AA13: =IFERROR(ROUND((Z13*$AA$12),2),"0") | AB13: ='E-Class'!AN13 | AC13: =SUM(AB13:AB13) | AD13: =IFERROR(ROUND((AC13/$AC$12)*100,2),"0") | AE13: =IFERROR(ROUND((AD13*$AE$12),2),"0") | AF13: =AA13+AE13 | AG13: =IFERROR(ROUND((AF13*$AG$12),2),"0") | AH13: =M13+V13+AG13 | AI13: =IFERROR(VLOOKUP(AH13,Reference!$A$4:$C$15065,2)," ") | AJ13: =IFERROR(VLOOKUP($AI13,'E-Class'!$D$206:$J$307,2),"0") | AK13: =IFERROR(VLOOKUP($AI13,'E-Class'!$D$206:$J$307,5),"0")
A14: ='E-Class'!A14 | B14: ='E-Class'!B14 | C14: ='E-Class'!C14 | D14: ='E-Class'!D14 | E14: ='E-Class'!E14+'E-Class'!F14 | F14: ='E-Class'!G14+'E-Class'!H14 | G14: ='E-Class'!I14+'E-Class'!J14 | H14: ='E-Class'!K14+'E-Class'!L14 | I14: ='E-Class'!M14+'E-Class'!N14 | J14: ='E-Class'!O14+'E-Class'!P14 | K14: =SUM(E14:J14) | L14: =IFERROR(ROUND((K14/$K$12)*100,2),"0") | M14: =IFERROR(ROUND((L14*$M$12),2),"0") | N14: ='E-Class'!T14+'E-Class'!U14 | O14: ='E-Class'!V14+'E-Class'!W14 | P14: ='E-Class'!X14+'E-Class'!Y14 | Q14: ='E-Class'!Z14+'E-Class'!AA14 | R14: ='E-Class'!AB14+'E-Class'!AC14 | S14: ='E-Class'!AD14+'E-Class'!AE14 | T14: =SUM(N14:S14) | U14: =IFERROR(ROUND((T14/$T$12)*100,2),"0") | V14: =IFERROR(ROUND((U14*$V$12),2),"0") | W14: ='E-Class'!AI14 | X14: ='E-Class'!AJ14 | Y14: =SUM(W14:X14) | Z14: =IFERROR(ROUND((Y14/$Y$12)*100,2),"0") | AA14: =IFERROR(ROUND((Z14*$AA$12),2),"0") | AB14: ='E-Class'!AN14 | AC14: =SUM(AB14:AB14) | AD14: =IFERROR(ROUND((AC14/$AC$12)*100,2),"0") | AE14: =IFERROR(ROUND((AD14*$AE$12),2),"0") | AF14: =AA14+AE14 | AG14: =IFERROR(ROUND((AF14*$AG$12),2),"0") | AH14: =M14+V14+AG14 | AI14: =IFERROR(VLOOKUP(AH14,Reference!$A$4:$C$15065,2)," ") | AJ14: =IFERROR(VLOOKUP($AI14,'E-Class'!$D$206:$J$307,2),"0") | AK14: =IFERROR(VLOOKUP($AI14,'E-Class'!$D$206:$J$307,5),"0")
A15: ='E-Class'!A15 | B15: ='E-Class'!B15 | C15: ='E-Class'!C15 | D15: ='E-Class'!D15 | E15: ='E-Class'!E15+'E-Class'!F15 | F15: ='E-Class'!G15+'E-Class'!H15 | G15: ='E-Class'!I15+'E-Class'!J15 | H15: ='E-Class'!K15+'E-Class'!L15 | I15: ='E-Class'!M15+'E-Class'!N15 | J15: ='E-Class'!O15+'E-Class'!P15 | K15: =SUM(E15:J15) | L15: =IFERROR(ROUND((K15/$K$12)*100,2),"0") | M15: =IFERROR(ROUND((L15*$M$12),2),"0") | N15: ='E-Class'!T15+'E-Class'!U15 | O15: ='E-Class'!V15+'E-Class'!W15 | P15: ='E-Class'!X15+'E-Class'!Y15 | Q15: ='E-Class'!Z15+'E-Class'!AA15 | R15: ='E-Class'!AB15+'E-Class'!AC15 | S15: ='E-Class'!AD15+'E-Class'!AE15 | T15: =SUM(N15:S15) | U15: =IFERROR(ROUND((T15/$T$12)*100,2),"0") | V15: =IFERROR(ROUND((U15*$V$12),2),"0") | W15: ='E-Class'!AI15 | X15: ='E-Class'!AJ15 | Y15: =SUM(W15:X15) | Z15: =IFERROR(ROUND((Y15/$Y$12)*100,2),"0") | AA15: =IFERROR(ROUND((Z15*$AA$12),2),"0") | AB15: ='E-Class'!AN15 | AC15: =SUM(AB15:AB15) | AD15: =IFERROR(ROUND((AC15/$AC$12)*100,2),"0") | AE15: =IFERROR(ROUND((AD15*$AE$12),2),"0") | AF15: =AA15+AE15 | AG15: =IFERROR(ROUND((AF15*$AG$12),2),"0") | AH15: =M15+V15+AG15 | AI15: =IFERROR(VLOOKUP(AH15,Reference!$A$4:$C$15065,2)," ") | AJ15: =IFERROR(VLOOKUP($AI15,'E-Class'!$D$206:$J$307,2),"0") | AK15: =IFERROR(VLOOKUP($AI15,'E-Class'!$D$206:$J$307,5),"0")
A16: ='E-Class'!A16 | B16: ='E-Class'!B16 | C16: ='E-Class'!C16 | D16: ='E-Class'!D16 | E16: ='E-Class'!E16+'E-Class'!F16 | F16: ='E-Class'!G16+'E-Class'!H16 | G16: ='E-Class'!I16+'E-Class'!J16 | H16: ='E-Class'!K16+'E-Class'!L16 | I16: ='E-Class'!M16+'E-Class'!N16 | J16: ='E-Class'!O16+'E-Class'!P16 | K16: =SUM(E16:J16) | L16: =IFERROR(ROUND((K16/$K$12)*100,2),"0") | M16: =IFERROR(ROUND((L16*$M$12),2),"0") | N16: ='E-Class'!T16+'E-Class'!U16 | O16: ='E-Class'!V16+'E-Class'!W16 | P16: ='E-Class'!X16+'E-Class'!Y16 | Q16: ='E-Class'!Z16+'E-Class'!AA16 | R16: ='E-Class'!AB16+'E-Class'!AC16 | S16: ='E-Class'!AD16+'E-Class'!AE16 | T16: =SUM(N16:S16) | U16: =IFERROR(ROUND((T16/$T$12)*100,2),"0") | V16: =IFERROR(ROUND((U16*$V$12),2),"0") | W16: ='E-Class'!AI16 | X16: ='E-Class'!AJ16 | Y16: =SUM(W16:X16) | Z16: =IFERROR(ROUND((Y16/$Y$12)*100,2),"0") | AA16: =IFERROR(ROUND((Z16*$AA$12),2),"0") | AB16: ='E-Class'!AN16 | AC16: =SUM(AB16:AB16) | AD16: =IFERROR(ROUND((AC16/$AC$12)*100,2),"0") | AE16: =IFERROR(ROUND((AD16*$AE$12),2),"0") | AF16: =AA16+AE16 | AG16: =IFERROR(ROUND((AF16*$AG$12),2),"0") | AH16: =M16+V16+AG16 | AI16: =IFERROR(VLOOKUP(AH16,Reference!$A$4:$C$15065,2)," ") | AJ16: =IFERROR(VLOOKUP($AI16,'E-Class'!$D$206:$J$307,2),"0") | AK16: =IFERROR(VLOOKUP($AI16,'E-Class'!$D$206:$J$307,5),"0")
A17: ='E-Class'!A17 | B17: ='E-Class'!B17 | C17: ='E-Class'!C17 | D17: ='E-Class'!D17 | E17: ='E-Class'!E17+'E-Class'!F17 | F17: ='E-Class'!G17+'E-Class'!H17 | G17: ='E-Class'!I17+'E-Class'!J17 | H17: ='E-Class'!K17+'E-Class'!L17 | I17: ='E-Class'!M17+'E-Class'!N17 | J17: ='E-Class'!O17+'E-Class'!P17 | K17: =SUM(E17:J17) | L17: =IFERROR(ROUND((K17/$K$12)*100,2),"0") | M17: =IFERROR(ROUND((L17*$M$12),2),"0") | N17: ='E-Class'!T17+'E-Class'!U17 | O17: ='E-Class'!V17+'E-Class'!W17 | P17: ='E-Class'!X17+'E-Class'!Y17 | Q17: ='E-Class'!Z17+'E-Class'!AA17 | R17: ='E-Class'!AB17+'E-Class'!AC17 | S17: ='E-Class'!AD17+'E-Class'!AE17 | T17: =SUM(N17:S17) | U17: =IFERROR(ROUND((T17/$T$12)*100,2),"0") | V17: =IFERROR(ROUND((U17*$V$12),2),"0") | W17: ='E-Class'!AI17 | X17: ='E-Class'!AJ17 | Y17: =SUM(W17:X17) | Z17: =IFERROR(ROUND((Y17/$Y$12)*100,2),"0") | AA17: =IFERROR(ROUND((Z17*$AA$12),2),"0") | AB17: ='E-Class'!AN17 | AC17: =SUM(AB17:AB17) | AD17: =IFERROR(ROUND((AC17/$AC$12)*100,2),"0") | AE17: =IFERROR(ROUND((AD17*$AE$12),2),"0") | AF17: =AA17+AE17 | AG17: =IFERROR(ROUND((AF17*$AG$12),2),"0") | AH17: =M17+V17+AG17 | AI17: =IFERROR(VLOOKUP(AH17,Reference!$A$4:$C$15065,2)," ") | AJ17: =IFERROR(VLOOKUP($AI17,'E-Class'!$D$206:$J$307,2),"0") | AK17: =IFERROR(VLOOKUP($AI17,'E-Class'!$D$206:$J$307,5),"0")
A18: ='E-Class'!A18 | B18: ='E-Class'!B18 | C18: ='E-Class'!C18 | D18: ='E-Class'!D18 | E18: ='E-Class'!E18+'E-Class'!F18 | F18: ='E-Class'!G18+'E-Class'!H18 | G18: ='E-Class'!I18+'E-Class'!J18 | H18: ='E-Class'!K18+'E-Class'!L18 | I18: ='E-Class'!M18+'E-Class'!N18 | J18: ='E-Class'!O18+'E-Class'!P18 | K18: =SUM(E18:J18) | L18: =IFERROR(ROUND((K18/$K$12)*100,2),"0") | M18: =IFERROR(ROUND((L18*$M$12),2),"0") | N18: ='E-Class'!T18+'E-Class'!U18 | O18: ='E-Class'!V18+'E-Class'!W18 | P18: ='E-Class'!X18+'E-Class'!Y18 | Q18: ='E-Class'!Z18+'E-Class'!AA18 | R18: ='E-Class'!AB18+'E-Class'!AC18 | S18: ='E-Class'!AD18+'E-Class'!AE18 | T18: =SUM(N18:S18) | U18: =IFERROR(ROUND((T18/$T$12)*100,2),"0") | V18: =IFERROR(ROUND((U18*$V$12),2),"0") | W18: ='E-Class'!AI18 | X18: ='E-Class'!AJ18 | Y18: =SUM(W18:X18) | Z18: =IFERROR(ROUND((Y18/$Y$12)*100,2),"0") | AA18: =IFERROR(ROUND((Z18*$AA$12),2),"0") | AB18: ='E-Class'!AN18 | AC18: =SUM(AB18:AB18) | AD18: =IFERROR(ROUND((AC18/$AC$12)*100,2),"0") | AE18: =IFERROR(ROUND((AD18*$AE$12),2),"0") | AF18: =AA18+AE18 | AG18: =IFERROR(ROUND((AF18*$AG$12),2),"0") | AH18: =M18+V18+AG18 | AI18: =IFERROR(VLOOKUP(AH18,Reference!$A$4:$C$15065,2)," ") | AJ18: =IFERROR(VLOOKUP($AI18,'E-Class'!$D$206:$J$307,2),"0") | AK18: =IFERROR(VLOOKUP($AI18,'E-Class'!$D$206:$J$307,5),"0")
A19: ='E-Class'!A19 | B19: ='E-Class'!B19 | C19: ='E-Class'!C19 | D19: ='E-Class'!D19 | E19: ='E-Class'!E19+'E-Class'!F19 | F19: ='E-Class'!G19+'E-Class'!H19 | G19: ='E-Class'!I19+'E-Class'!J19 | H19: ='E-Class'!K19+'E-Class'!L19 | I19: ='E-Class'!M19+'E-Class'!N19 | J19: ='E-Class'!O19+'E-Class'!P19 | K19: =SUM(E19:J19) | L19: =IFERROR(ROUND((K19/$K$12)*100,2),"0") | M19: =IFERROR(ROUND((L19*$M$12),2),"0") | N19: ='E-Class'!T19+'E-Class'!U19 | O19: ='E-Class'!V19+'E-Class'!W19 | P19: ='E-Class'!X19+'E-Class'!Y19 | Q19: ='E-Class'!Z19+'E-Class'!AA19 | R19: ='E-Class'!AB19+'E-Class'!AC19 | S19: ='E-Class'!AD19+'E-Class'!AE19 | T19: =SUM(N19:S19) | U19: =IFERROR(ROUND((T19/$T$12)*100,2),"0") | V19: =IFERROR(ROUND((U19*$V$12),2),"0") | W19: ='E-Class'!AI19 | X19: ='E-Class'!AJ19 | Y19: =SUM(W19:X19) | Z19: =IFERROR(ROUND((Y19/$Y$12)*100,2),"0") | AA19: =IFERROR(ROUND((Z19*$AA$12),2),"0") | AB19: ='E-Class'!AN19 | AC19: =SUM(AB19:AB19) | AD19: =IFERROR(ROUND((AC19/$AC$12)*100,2),"0") | AE19: =IFERROR(ROUND((AD19*$AE$12),2),"0") | AF19: =AA19+AE19 | AG19: =IFERROR(ROUND((AF19*$AG$12),2),"0") | AH19: =M19+V19+AG19 | AI19: =IFERROR(VLOOKUP(AH19,Reference!$A$4:$C$15065,2)," ") | AJ19: =IFERROR(VLOOKUP($AI19,'E-Class'!$D$206:$J$307,2),"0") | AK19: =IFERROR(VLOOKUP($AI19,'E-Class'!$D$206:$J$307,5),"0")
A20: ='E-Class'!A20 | B20: ='E-Class'!B20 | C20: ='E-Class'!C20 | D20: ='E-Class'!D20 | E20: ='E-Class'!E20+'E-Class'!F20 | F20: ='E-Class'!G20+'E-Class'!H20 | G20: ='E-Class'!I20+'E-Class'!J20 | H20: ='E-Class'!K20+'E-Class'!L20 | I20: ='E-Class'!M20+'E-Class'!N20 | J20: ='E-Class'!O20+'E-Class'!P20 | K20: =SUM(E20:J20) | L20: =IFERROR(ROUND((K20/$K$12)*100,2),"0") | M20: =IFERROR(ROUND((L20*$M$12),2),"0") | N20: ='E-Class'!T20+'E-Class'!U20 | O20: ='E-Class'!V20+'E-Class'!W20 | P20: ='E-Class'!X20+'E-Class'!Y20 | Q20: ='E-Class'!Z20+'E-Class'!AA20 | R20: ='E-Class'!AB20+'E-Class'!AC20 | S20: ='E-Class'!AD20+'E-Class'!AE20 | T20: =SUM(N20:S20) | U20: =IFERROR(ROUND((T20/$T$12)*100,2),"0") | V20: =IFERROR(ROUND((U20*$V$12),2),"0") | W20: ='E-Class'!AI20 | X20: ='E-Class'!AJ20 | Y20: =SUM(W20:X20) | Z20: =IFERROR(ROUND((Y20/$Y$12)*100,2),"0") | AA20: =IFERROR(ROUND((Z20*$AA$12),2),"0") | AB20: ='E-Class'!AN20 | AC20: =SUM(AB20:AB20) | AD20: =IFERROR(ROUND((AC20/$AC$12)*100,2),"0") | AE20: =IFERROR(ROUND((AD20*$AE$12),2),"0") | AF20: =AA20+AE20 | AG20: =IFERROR(ROUND((AF20*$AG$12),2),"0") | AH20: =M20+V20+AG20 | AI20: =IFERROR(VLOOKUP(AH20,Reference!$A$4:$C$15065,2)," ") | AJ20: =IFERROR(VLOOKUP($AI20,'E-Class'!$D$206:$J$307,2),"0") | AK20: =IFERROR(VLOOKUP($AI20,'E-Class'!$D$206:$J$307,5),"0")
A21: ='E-Class'!A21 | B21: ='E-Class'!B21 | C21: ='E-Class'!C21 | D21: ='E-Class'!D21 | E21: ='E-Class'!E21+'E-Class'!F21 | F21: ='E-Class'!G21+'E-Class'!H21 | G21: ='E-Class'!I21+'E-Class'!J21 | H21: ='E-Class'!K21+'E-Class'!L21 | I21: ='E-Class'!M21+'E-Class'!N21 | J21: ='E-Class'!O21+'E-Class'!P21 | K21: =SUM(E21:J21) | L21: =IFERROR(ROUND((K21/$K$12)*100,2),"0") | M21: =IFERROR(ROUND((L21*$M$12),2),"0") | N21: ='E-Class'!T21+'E-Class'!U21 | O21: ='E-Class'!V21+'E-Class'!W21 | P21: ='E-Class'!X21+'E-Class'!Y21 | Q21: ='E-Class'!Z21+'E-Class'!AA21 | R21: ='E-Class'!AB21+'E-Class'!AC21 | S21: ='E-Class'!AD21+'E-Class'!AE21 | T21: =SUM(N21:S21) | U21: =IFERROR(ROUND((T21/$T$12)*100,2),"0") | V21: =IFERROR(ROUND((U21*$V$12),2),"0") | W21: ='E-Class'!AI21 | X21: ='E-Class'!AJ21 | Y21: =SUM(W21:X21) | Z21: =IFERROR(ROUND((Y21/$Y$12)*100,2),"0") | AA21: =IFERROR(ROUND((Z21*$AA$12),2),"0") | AB21: ='E-Class'!AN21 | AC21: =SUM(AB21:AB21) | AD21: =IFERROR(ROUND((AC21/$AC$12)*100,2),"0") | AE21: =IFERROR(ROUND((AD21*$AE$12),2),"0") | AF21: =AA21+AE21 | AG21: =IFERROR(ROUND((AF21*$AG$12),2),"0") | AH21: =M21+V21+AG21 | AI21: =IFERROR(VLOOKUP(AH21,Reference!$A$4:$C$15065,2)," ") | AJ21: =IFERROR(VLOOKUP($AI21,'E-Class'!$D$206:$J$307,2),"0") | AK21: =IFERROR(VLOOKUP($AI21,'E-Class'!$D$206:$J$307,5),"0")
A22: ='E-Class'!A22 | B22: ='E-Class'!B22 | C22: ='E-Class'!C22 | D22: ='E-Class'!D22 | E22: ='E-Class'!E22+'E-Class'!F22 | F22: ='E-Class'!G22+'E-Class'!H22 | G22: ='E-Class'!I22+'E-Class'!J22 | H22: ='E-Class'!K22+'E-Class'!L22 | I22: ='E-Class'!M22+'E-Class'!N22 | J22: ='E-Class'!O22+'E-Class'!P22 | K22: =SUM(E22:J22) | L22: =IFERROR(ROUND((K22/$K$12)*100,2),"0") | M22: =IFERROR(ROUND((L22*$M$12),2),"0") | N22: ='E-Class'!T22+'E-Class'!U22 | O22: ='E-Class'!V22+'E-Class'!W22 | P22: ='E-Class'!X22+'E-Class'!Y22 | Q22: ='E-Class'!Z22+'E-Class'!AA22 | R22: ='E-Class'!AB22+'E-Class'!AC22 | S22: ='E-Class'!AD22+'E-Class'!AE22 | T22: =SUM(N22:S22) | U22: =IFERROR(ROUND((T22/$T$12)*100,2),"0") | V22: =IFERROR(ROUND((U22*$V$12),2),"0") | W22: ='E-Class'!AI22 | X22: ='E-Class'!AJ22 | Y22: =SUM(W22:X22) | Z22: =IFERROR(ROUND((Y22/$Y$12)*100,2),"0") | AA22: =IFERROR(ROUND((Z22*$AA$12),2),"0") | AB22: ='E-Class'!AN22 | AC22: =SUM(AB22:AB22) | AD22: =IFERROR(ROUND((AC22/$AC$12)*100,2),"0") | AE22: =IFERROR(ROUND((AD22*$AE$12),2),"0") | AF22: =AA22+AE22 | AG22: =IFERROR(ROUND((AF22*$AG$12),2),"0") | AH22: =M22+V22+AG22 | AI22: =IFERROR(VLOOKUP(AH22,Reference!$A$4:$C$15065,2)," ") | AJ22: =IFERROR(VLOOKUP($AI22,'E-Class'!$D$206:$J$307,2),"0") | AK22: =IFERROR(VLOOKUP($AI22,'E-Class'!$D$206:$J$307,5),"0")
A23: ='E-Class'!A23 | B23: ='E-Class'!B23 | C23: ='E-Class'!C23 | D23: ='E-Class'!D23 | E23: ='E-Class'!E23+'E-Class'!F23 | F23: ='E-Class'!G23+'E-Class'!H23 | G23: ='E-Class'!I23+'E-Class'!J23 | H23: ='E-Class'!K23+'E-Class'!L23 | I23: ='E-Class'!M23+'E-Class'!N23 | J23: ='E-Class'!O23+'E-Class'!P23 | K23: =SUM(E23:J23) | L23: =IFERROR(ROUND((K23/$K$12)*100,2),"0") | M23: =IFERROR(ROUND((L23*$M$12),2),"0") | N23: ='E-Class'!T23+'E-Class'!U23 | O23: ='E-Class'!V23+'E-Class'!W23 | P23: ='E-Class'!X23+'E-Class'!Y23 | Q23: ='E-Class'!Z23+'E-Class'!AA23 | R23: ='E-Class'!AB23+'E-Class'!AC23 | S23: ='E-Class'!AD23+'E-Class'!AE23 | T23: =SUM(N23:S23) | U23: =IFERROR(ROUND((T23/$T$12)*100,2),"0") | V23: =IFERROR(ROUND((U23*$V$12),2),"0") | W23: ='E-Class'!AI23 | X23: ='E-Class'!AJ23 | Y23: =SUM(W23:X23) | Z23: =IFERROR(ROUND((Y23/$Y$12)*100,2),"0") | AA23: =IFERROR(ROUND((Z23*$AA$12),2),"0") | AB23: ='E-Class'!AN23 | AC23: =SUM(AB23:AB23) | AD23: =IFERROR(ROUND((AC23/$AC$12)*100,2),"0") | AE23: =IFERROR(ROUND((AD23*$AE$12),2),"0") | AF23: =AA23+AE23 | AG23: =IFERROR(ROUND((AF23*$AG$12),2),"0") | AH23: =M23+V23+AG23 | AI23: =IFERROR(VLOOKUP(AH23,Reference!$A$4:$C$15065,2)," ") | AJ23: =IFERROR(VLOOKUP($AI23,'E-Class'!$D$206:$J$307,2),"0") | AK23: =IFERROR(VLOOKUP($AI23,'E-Class'!$D$206:$J$307,5),"0")
A24: ='E-Class'!A24 | B24: ='E-Class'!B24 | C24: ='E-Class'!C24 | D24: ='E-Class'!D24 | E24: ='E-Class'!E24+'E-Class'!F24 | F24: ='E-Class'!G24+'E-Class'!H24 | G24: ='E-Class'!I24+'E-Class'!J24 | H24: ='E-Class'!K24+'E-Class'!L24 | I24: ='E-Class'!M24+'E-Class'!N24 | J24: ='E-Class'!O24+'E-Class'!P24 | K24: =SUM(E24:J24) | L24: =IFERROR(ROUND((K24/$K$12)*100,2),"0") | M24: =IFERROR(ROUND((L24*$M$12),2),"0") | N24: ='E-Class'!T24+'E-Class'!U24 | O24: ='E-Class'!V24+'E-Class'!W24 | P24: ='E-Class'!X24+'E-Class'!Y24 | Q24: ='E-Class'!Z24+'E-Class'!AA24 | R24: ='E-Class'!AB24+'E-Class'!AC24 | S24: ='E-Class'!AD24+'E-Class'!AE24 | T24: =SUM(N24:S24) | U24: =IFERROR(ROUND((T24/$T$12)*100,2),"0") | V24: =IFERROR(ROUND((U24*$V$12),2),"0") | W24: ='E-Class'!AI24 | X24: ='E-Class'!AJ24 | Y24: =SUM(W24:X24) | Z24: =IFERROR(ROUND((Y24/$Y$12)*100,2),"0") | AA24: =IFERROR(ROUND((Z24*$AA$12),2),"0") | AB24: ='E-Class'!AN24 | AC24: =SUM(AB24:AB24) | AD24: =IFERROR(ROUND((AC24/$AC$12)*100,2),"0") | AE24: =IFERROR(ROUND((AD24*$AE$12),2),"0") | AF24: =AA24+AE24 | AG24: =IFERROR(ROUND((AF24*$AG$12),2),"0") | AH24: =M24+V24+AG24 | AI24: =IFERROR(VLOOKUP(AH24,Reference!$A$4:$C$15065,2)," ") | AJ24: =IFERROR(VLOOKUP($AI24,'E-Class'!$D$206:$J$307,2),"0") | AK24: =IFERROR(VLOOKUP($AI24,'E-Class'!$D$206:$J$307,5),"0")
... A92: ='E-Class'!A92 | B92: ='E-Class'!B92 | C92: ='E-Class'!C92 | D92: ='E-Class'!D92 | E92: ='E-Class'!E92+'E-Class'!F92 | F92: ='E-Class'!G92+'E-Class'!H92 | G92: ='E-Class'!I92+'E-Class'!J92 | H92: ='E-Class'!K92+'E-Class'!L92 | I92: ='E-Class'!M92+'E-Class'!N92 | J92: ='E-Class'!O92+'E-Class'!P92 | K92: =SUM(E92:J92) | L92: =IFERROR(ROUND((K92/$K$12)*100,2),"0") | M92: =IFERROR(ROUND((L92*$M$12),2),"0") | N92: ='E-Class'!T92+'E-Class'!U92 | O92: ='E-Class'!V92+'E-Class'!W92 | P92: ='E-Class'!X92+'E-Class'!Y92 | Q92: ='E-Class'!Z92+'E-Class'!AA92 | R92: ='E-Class'!AB92+'E-Class'!AC92 | S92: ='E-Class'!AD92+'E-Class'!AE92 | T92: =SUM(N92:S92) | U92: =IFERROR(ROUND((T92/$T$12)*100,2),"0") | V92: =IFERROR(ROUND((U92*$V$12),2),"0") | W92: ='E-Class'!AI92 | X92: ='E-Class'!AJ92 | Y92: =SUM(W92:X92) | Z92: =IFERROR(ROUND((Y92/$Y$12)*100,2),"0") | AA92: =IFERROR(ROUND((Z92*$AA$12),2),"0") | AB92: ='E-Class'!AN92 | AC92: =SUM(AB92:AB92) | AD92: =IFERROR(ROUND((AC92/$AC$12)*100,2),"0") | AE92: =IFERROR(ROUND((AD92*$AE$12),2),"0") | AF92: =AA92+AE92 | AG92: =IFERROR(ROUND((AF92*$AG$12),2),"0") | AH92: =M92+V92+AG92 | AI92: =IFERROR(VLOOKUP(AH92,Reference!$A$4:$C$15065,2)," ") | AJ92: =IFERROR(VLOOKUP($AI92,'E-Class'!$D$206:$J$307,2),"0") | AK92: =IFERROR(VLOOKUP($AI92,'E-Class'!$D$206:$J$307,5),"0")
